{"type":"FeatureCollection","_nota":"Fronteiras reais dos 27 estados brasileiros, simplificadas (Douglas-Peucker, tolerancia ~1.3km) a partir do dataset publico codeforamerica/click_that_hood (brazil-states.geojson). Geometria apenas — dado de jogo (populacao, tesouro, aliquota etc.) vem ao vivo de /api/politica/territorios e e casado pela sigla. Ver RF-26 em docs/requisitos.toml.","features":[{"type":"Feature","properties":{"id":"ac","nome":"Acre","sigla":"AC"},"geometry":{"type":"MultiPolygon","coordinates":[[[[-73.6082,-7.2019],[-72.6588,-7.6246],[-70.369,-8.141],[-68.7275,-8.9997],[-66.6193,-9.8936],[-66.627,-9.9353],[-66.6379,-9.949],[-66.6571,-9.9359],[-66.6758,-9.9677],[-66.7622,-9.9997],[-66.8382,-10.0825],[-66.8727,-10.0812],[-66.8732,-10.1005],[-66.9179,-10.131],[-66.9114,-10.1463],[-66.9421,-10.1558],[-66.9513,-10.1857],[-66.9956,-10.1992],[-66.9883,-10.2209],[-67.0478,-10.2754],[-67.1306,-10.2928],[-67.1326,-10.3172],[-67.18,-10.339],[-67.223,-10.3163],[-67.2661,-10.3319],[-67.3216,-10.322],[-67.3107,-10.3724],[-67.3506,-10.392],[-67.4063,-10.3736],[-67.4227,-10.3938],[-67.4134,-10.4271],[-67.4411,-10.4524],[-67.5793,-10.5027],[-67.6379,-10.594],[-67.6602,-10.6161],[-67.6762,-10.6047],[-67.7074,-10.7081],[-67.7363,-10.7114],[-67.7599,-10.6851],[-67.8773,-10.6396],[-67.9766,-10.6623],[-68.0119,-10.6486],[-68.0542,-10.6698],[-68.1039,-10.7148],[-68.1034,-10.7746],[-68.1948,-10.8585],[-68.2377,-10.9563],[-68.3321,-11.0124],[-68.3843,-11.0175],[-68.3958,-11.0505],[-68.4319,-11.0315],[-68.4874,-11.0505],[-68.5428,-11.1088],[-68.7156,-11.1431],[-68.7209,-11.1031],[-68.7644,-11.067],[-68.7578,-11.0009],[-68.7983,-10.9912],[-68.8288,-11.0074],[-68.8475,-10.9937],[-68.8636,-11.0162],[-68.9142,-11.0187],[-68.9717,-10.9889],[-68.9942,-11.0106],[-69.0726,-10.966],[-69.1018,-10.9796],[-69.2325,-10.9406],[-69.2745,-10.9536],[-69.356,-10.9379],[-69.377,-10.9519],[-69.4235,-10.9265],[-69.4802,-10.9544],[-69.5386,-10.9359],[-69.5463,-10.9517],[-69.602,-10.9419],[-69.7369,-10.9742],[-69.8009,-10.9262],[-69.9351,-10.9209],[-70.0285,-10.9764],[-70.1089,-10.995],[-70.1606,-11.0396],[-70.3114,-11.0696],[-70.4373,-11.0391],[-70.4527,-10.9961],[-70.531,-10.9346],[-70.6216,-10.9995],[-70.6227,-9.8214],[-70.5819,-9.7792],[-70.561,-9.7879],[-70.5378,-9.7649],[-70.5259,-9.7132],[-70.5855,-9.6388],[-70.6003,-9.5576],[-70.5578,-9.5717],[-70.5712,-9.5302],[-70.5475,-9.5389],[-70.5457,-9.5108],[-70.5149,-9.4934],[-70.5053,-9.5062],[-70.53,-9.4704],[-70.5037,-9.4616],[-70.494,-9.4262],[-70.595,-9.4405],[-70.6516,-9.5116],[-70.7294,-9.5666],[-70.7514,-9.5586],[-70.759,-9.6037],[-70.7871,-9.6126],[-70.7939,-9.6359],[-70.8702,-9.6643],[-70.9254,-9.7394],[-70.9711,-9.7526],[-70.9986,-9.8136],[-71.0513,-9.8141],[-71.1644,-9.8754],[-71.2123,-9.9666],[-71.2542,-9.9636],[-71.3095,-9.9921],[-71.3499,-9.9734],[-71.3767,-10.0006],[-72.1804,-9.9998],[-72.1555,-9.9637],[-72.174,-9.923],[-72.1405,-9.8775],[-72.1653,-9.828],[-72.1507,-9.7991],[-72.271,-9.7494],[-72.2462,-9.6568],[-72.2537,-9.6139],[-72.2889,-9.601],[-72.2852,-9.5396],[-72.3197,-9.5417],[-72.3569,-9.4938],[-72.4813,-9.4716],[-72.5102,-9.4849],[-72.6931,-9.438],[-72.7166,-9.4108],[-73.2148,-9.4109],[-73.1905,-9.3602],[-73.1006,-9.3042],[-73.1112,-9.2794],[-73.0801,-9.237],[-73.0052,-9.2106],[-72.9968,-9.1938],[-73.0203,-9.1769],[-72.9642,-9.147],[-72.9465,-9.1146],[-72.9396,-9.0617],[-72.9574,-9.0094],[-72.9368,-8.9883],[-72.971,-8.9741],[-72.9921,-8.9204],[-73.0321,-8.9057],[-73.1314,-8.7066],[-73.1535,-8.684],[-73.225,-8.6777],[-73.2633,-8.6145],[-73.2906,-8.6146],[-73.2798,-8.4748],[-73.3892,-8.4693],[-73.4122,-8.4106],[-73.485,-8.3906],[-73.5367,-8.3455],[-73.5362,-8.2699],[-73.5969,-8.2054],[-73.5861,-8.1272],[-73.6343,-8.0611],[-73.6301,-8.0215],[-73.6783,-8.0047],[-73.6974,-7.9602],[-73.7326,-7.9677],[-73.7712,-7.9057],[-73.7587,-7.8579],[-73.7418,-7.8729],[-73.6978,-7.867],[-73.6836,-7.7761],[-73.7398,-7.7337],[-73.8266,-7.7156],[-73.8881,-7.6313],[-73.9876,-7.5549],[-73.9873,-7.5313],[-73.9473,-7.5262],[-73.9191,-7.4653],[-73.9617,-7.3455],[-73.9093,-7.3777],[-73.8694,-7.3785],[-73.8294,-7.3362],[-73.7613,-7.332],[-73.7584,-7.3465],[-73.7003,-7.3051],[-73.7131,-7.2351],[-73.7531,-7.2011],[-73.8037,-7.1111],[-73.6082,-7.2019]]]]}},{"type":"Feature","properties":{"id":"al","nome":"Alagoas","sigla":"AL"},"geometry":{"type":"MultiPolygon","coordinates":[[[[-35.4652,-8.8255],[-35.2523,-8.8868],[-35.1762,-8.8884],[-35.152,-8.913],[-35.3536,-9.255],[-35.484,-9.3696],[-35.4971,-9.4192],[-35.5916,-9.5298],[-35.6494,-9.5671],[-35.6967,-9.6347],[-35.6943,-9.6643],[-35.723,-9.6832],[-35.7542,-9.6777],[-35.8123,-9.7318],[-36.0461,-10.0753],[-36.0867,-10.0929],[-36.1339,-10.1576],[-36.1703,-10.1708],[-36.2717,-10.2746],[-36.3022,-10.326],[-36.2933,-10.3545],[-36.391,-10.5007],[-36.4557,-10.4072],[-36.5096,-10.4324],[-36.5638,-10.4159],[-36.5714,-10.3185],[-36.6233,-10.2577],[-36.7199,-10.2645],[-36.8366,-10.2017],[-36.8504,-10.1617],[-36.9105,-10.1375],[-36.954,-10.0702],[-36.9667,-9.9936],[-36.9916,-9.9768],[-37.0493,-9.9862],[-37.1525,-9.9004],[-37.2371,-9.8939],[-37.285,-9.8305],[-37.4186,-9.7622],[-37.5814,-9.7335],[-37.7114,-9.6309],[-37.7848,-9.6382],[-37.8936,-9.54],[-37.9889,-9.5269],[-38.0094,-9.4802],[-38.0786,-9.4405],[-38.1546,-9.443],[-38.2029,-9.4182],[-38.1941,-9.3851],[-38.2371,-9.3293],[-38.1786,-9.2892],[-38.1435,-9.2178],[-38.0919,-9.1723],[-37.9789,-9.148],[-37.8387,-8.978],[-37.8287,-8.8934],[-37.7599,-8.8572],[-37.6842,-8.9667],[-37.6984,-8.9921],[-37.6612,-8.9869],[-37.6432,-9.0179],[-37.5834,-8.9698],[-37.4898,-8.9653],[-37.4933,-9.0002],[-37.469,-9.0273],[-37.4336,-9.0293],[-37.3151,-9.0939],[-37.2428,-9.1856],[-37.2339,-9.2397],[-37.1981,-9.2151],[-37.1585,-9.2387],[-37.1639,-9.2753],[-37.1059,-9.2394],[-37.0568,-9.2814],[-37.0585,-9.3174],[-37.0239,-9.3153],[-37.003,-9.3522],[-36.952,-9.3821],[-36.93,-9.3696],[-36.9154,-9.2986],[-36.8678,-9.2681],[-36.7967,-9.2926],[-36.7583,-9.271],[-36.6934,-9.2749],[-36.6038,-9.3406],[-36.5669,-9.3314],[-36.5714,-9.2922],[-36.5029,-9.2706],[-36.4366,-9.2117],[-36.4194,-9.2291],[-36.3653,-9.2222],[-36.3095,-9.1723],[-36.2245,-9.1706],[-36.2664,-9.102],[-36.236,-9.1031],[-36.1953,-9.0444],[-36.1237,-9.0301],[-36.1039,-8.9985],[-36.1265,-8.9556],[-36.0635,-8.9149],[-35.9647,-8.9025],[-35.8957,-8.8538],[-35.8445,-8.8721],[-35.7951,-8.8477],[-35.7755,-8.858],[-35.7825,-8.8973],[-35.7479,-8.9167],[-35.6296,-8.8792],[-35.5347,-8.8191],[-35.4652,-8.8255]],[[-35.291,-9.1482],[-35.291,-9.1495],[-35.2892,-9.148],[-35.2902,-9.147],[-35.291,-9.1461],[-35.291,-9.1482]]]]}},{"type":"Feature","properties":{"id":"ap","nome":"Amapá","sigla":"AP"},"geometry":{"type":"MultiPolygon","coordinates":[[[[-51.1817,4.0089],[-51.1785,3.9451],[-51.0751,3.8909],[-51.0904,3.6802],[-51.0705,3.4918],[-51.0872,3.3921],[-51.0216,3.2084],[-51.0353,3.1376],[-51.0067,3.0941],[-51.0144,3.0458],[-50.9885,3.0036],[-50.9808,2.9373],[-50.9439,2.8845],[-50.9418,2.8038],[-50.9015,2.7949],[-50.8819,2.6859],[-50.8406,2.639],[-50.8311,2.5332],[-50.8545,2.4911],[-50.8023,2.5085],[-50.7644,2.4481],[-50.7701,2.4121],[-50.7218,2.2375],[-50.6819,2.1733],[-50.7021,2.1387],[-50.5215,2.2087],[-50.4459,2.1997],[-50.352,2.0871],[-50.2377,1.8036],[-50.1692,1.8146],[-50.0913,1.7917],[-49.9213,1.7043],[-49.8758,1.4811],[-49.9099,1.2968],[-49.8932,1.1933],[-49.9452,1.1083],[-49.9404,0.9938],[-50.0522,0.8507],[-50.0531,0.8066],[-50.0924,0.7825],[-50.0935,0.7024],[-50.3142,0.6783],[-50.4094,0.6237],[-50.4519,0.5713],[-50.5557,0.307],[-50.6677,0.1854],[-50.7843,0.1124],[-50.9337,0.07],[-51.0845,-0.0872],[-51.2159,-0.1183],[-51.3473,-0.2993],[-51.362,-0.3678],[-51.4203,-0.4287],[-51.4573,-0.5129],[-51.5951,-0.6501],[-51.6787,-0.7849],[-51.6868,-1.0357],[-51.7039,-1.0674],[-51.8086,-1.1568],[-51.8868,-1.1661],[-51.9255,-1.132],[-51.9566,-1.1689],[-51.9651,-1.1255],[-51.9849,-1.1211],[-51.9875,-1.1673],[-52.0546,-1.1766],[-52.0466,-1.219],[-52.07,-1.2357],[-52.1095,-1.2159],[-52.1198,-1.1459],[-52.3325,-1.1156],[-52.3577,-1.0623],[-52.4266,-1.0505],[-52.414,-1.0089],[-52.439,-0.935],[-52.4043,-0.9125],[-52.4027,-0.8768],[-52.455,-0.8299],[-52.5382,-0.8545],[-52.5094,-0.8131],[-52.5223,-0.7914],[-52.4974,-0.7304],[-52.5227,-0.5887],[-52.5347,-0.5738],[-52.6125,-0.5946],[-52.6395,-0.5846],[-52.7022,-0.4589],[-52.6787,-0.4233],[-52.6981,-0.3868],[-52.6896,-0.3026],[-52.8356,-0.1858],[-52.8511,-0.1498],[-52.9332,-0.1392],[-52.9768,0.0241],[-53.0145,0.06],[-53.0107,0.0954],[-53.0517,0.1577],[-53.0938,0.1956],[-53.1059,0.2321],[-53.0936,0.2593],[-53.1748,0.382],[-53.1593,0.4084],[-53.1547,0.4805],[-53.1693,0.4941],[-53.153,0.5768],[-53.1058,0.6843],[-53.1434,0.6966],[-53.1898,0.7687],[-53.411,0.9297],[-53.4218,1.0341],[-53.4553,1.0777],[-53.4591,1.1278],[-53.4439,1.1516],[-53.3994,1.1587],[-53.426,1.243],[-53.5355,1.2126],[-53.5458,1.2288],[-53.5228,1.2617],[-53.5622,1.3069],[-53.5329,1.3227],[-53.5381,1.3412],[-53.5702,1.3376],[-53.5947,1.3585],[-53.6505,1.3365],[-53.6626,1.3498],[-53.643,1.3642],[-53.6498,1.4086],[-53.6665,1.3734],[-53.711,1.3843],[-53.6953,1.4185],[-53.7167,1.4321],[-53.7318,1.3866],[-53.8035,1.4238],[-53.8223,1.4141],[-53.8079,1.3919],[-53.8499,1.3922],[-53.8438,1.4066],[-53.8823,1.4011],[-53.8763,1.4358],[-53.8955,1.4554],[-53.9354,1.4365],[-53.9283,1.4695],[-53.997,1.4761],[-54.0086,1.52],[-54.0271,1.5171],[-54.0241,1.5002],[-54.086,1.4886],[-54.0841,1.5266],[-54.117,1.5585],[-54.1015,1.5909],[-54.1279,1.5916],[-54.1432,1.6409],[-54.1817,1.6584],[-54.1906,1.6252],[-54.3088,1.7414],[-54.3772,1.764],[-54.387,1.7455],[-54.4242,1.7608],[-54.5081,1.7486],[-54.5704,1.7848],[-54.6707,1.766],[-54.7443,1.7761],[-54.7539,1.7981],[-54.7335,1.8323],[-54.7711,1.9408],[-54.7533,1.9675],[-54.8123,2.0631],[-54.8058,2.1392],[-54.7626,2.2026],[-54.8109,2.2667],[-54.7938,2.313],[-54.8071,2.342],[-54.8758,2.427],[-54.7968,2.4394],[-54.7435,2.4719],[-54.6844,2.4472],[-54.6915,2.3618],[-54.6617,2.3274],[-54.6011,2.3375],[-54.436,2.2103],[-54.1885,2.1792],[-53.9743,2.2328],[-53.9418,2.2428],[-53.9348,2.2974],[-53.9072,2.2744],[-53.8838,2.3161],[-53.8164,2.3176],[-53.8341,2.3429],[-53.7667,2.3793],[-53.7233,2.3538],[-53.7482,2.3132],[-53.6528,2.3028],[-53.6483,2.2837],[-53.6003,2.2868],[-53.5401,2.2576],[-53.4581,2.2615],[-53.4688,2.2881],[-53.4045,2.2979],[-53.3376,2.354],[-53.2615,2.2773],[-53.2311,2.269],[-53.2791,2.2237],[-53.2864,2.197],[-53.2669,2.1691],[-53.2722,2.1915],[-53.2426,2.2091],[-53.2148,2.1943],[-53.0984,2.2161],[-53.0398,2.1739],[-52.984,2.1576],[-52.9436,2.1692],[-52.9361,2.1923],[-52.9049,2.1873],[-52.8557,2.2752],[-52.672,2.3737],[-52.6405,2.4375],[-52.6054,2.4539],[-52.6112,2.4757],[-52.5877,2.4751],[-52.5541,2.5167],[-52.5629,2.5451],[-52.527,2.5773],[-52.5571,2.6361],[-52.5297,2.6567],[-52.4265,2.8868],[-52.3825,2.911],[-52.4008,2.9248],[-52.3284,3.0806],[-52.3526,3.1293],[-52.3326,3.1727],[-52.3071,3.1763],[-52.2914,3.2335],[-52.2626,3.2562],[-52.2366,3.2447],[-52.1916,3.3018],[-52.0935,3.4898],[-51.9957,3.6268],[-51.9712,3.7195],[-51.9251,3.7355],[-51.9237,3.7839],[-51.8018,3.8817],[-51.7557,3.9878],[-51.6459,4.045],[-51.5949,4.1918],[-51.549,4.4248],[-51.5136,4.437],[-51.49,4.4233],[-51.2515,4.1917],[-51.2098,4.1235],[-51.1817,4.0089]]]]}},{"type":"Feature","properties":{"id":"am","nome":"Amazonas","sigla":"AM"},"geometry":{"type":"MultiPolygon","coordinates":[[[[-67.3255,2.0301],[-67.2775,1.8762],[-67.1565,1.8493],[-67.0968,1.733],[-67.0718,1.443],[-67.0876,1.1673],[-66.8564,1.2306],[-66.3179,0.7554],[-66.213,0.7819],[-66.1505,0.7449],[-66.0879,0.7595],[-66.0695,0.8054],[-65.9639,0.8099],[-65.936,0.8825],[-65.9006,0.8841],[-65.8791,0.9331],[-65.7735,0.9595],[-65.7388,1.0],[-65.6775,0.99],[-65.6522,1.0122],[-65.6244,0.9895],[-65.6266,1.0096],[-65.585,1.0093],[-65.5414,0.9759],[-65.5078,0.9159],[-65.5117,0.8856],[-65.4931,0.8825],[-65.4997,0.8429],[-65.5271,0.8337],[-65.5906,0.7223],[-65.5399,0.6493],[-65.5299,0.668],[-65.423,0.7083],[-65.4132,0.7555],[-65.395,0.7586],[-65.4124,0.8161],[-65.3514,0.8734],[-65.3285,0.9319],[-65.2694,0.9437],[-65.2629,0.92],[-65.2082,0.9292],[-65.2069,0.9073],[-65.1813,0.9235],[-65.1476,1.0098],[-65.1689,1.0189],[-65.1544,1.1254],[-65.1025,1.157],[-65.0707,1.1538],[-65.0608,1.1121],[-65.0216,1.1154],[-64.9602,1.19],[-64.9602,1.2305],[-64.9347,1.2117],[-64.8977,1.253],[-64.868,1.2323],[-64.861,1.2698],[-64.8099,1.3147],[-64.793,1.2698],[-64.7459,1.2256],[-64.7219,1.2389],[-64.7013,1.2917],[-64.6593,1.2916],[-64.5902,1.3378],[-64.5822,1.3759],[-64.5274,1.4444],[-64.4999,1.443],[-64.453,1.4806],[-64.4379,1.4723],[-64.3969,1.5272],[-64.3507,1.5187],[-64.3484,1.5025],[-64.3994,1.3953],[-64.3588,1.3903],[-64.3374,1.364],[-64.3254,1.4364],[-64.3015,1.4686],[-64.2468,1.5086],[-64.2148,1.509],[-64.1732,1.5714],[-64.126,1.5789],[-64.0946,1.6175],[-64.0608,1.702],[-64.0774,1.7594],[-64.0547,1.8258],[-64.0705,1.8528],[-64.06,1.9314],[-63.9958,1.9796],[-63.8979,1.9928],[-63.8435,1.9649],[-63.823,1.9903],[-63.7844,1.9819],[-63.7399,2.0001],[-63.7027,2.0467],[-63.6674,2.0173],[-63.6615,2.0659],[-63.6374,2.0697],[-63.6168,2.1069],[-63.5613,2.1327],[-63.5088,2.114],[-63.466,2.1414],[-63.4203,2.1318],[-63.3933,2.1572],[-63.3945,2.2001],[-63.3718,2.2121],[-63.2823,2.1542],[-63.1936,2.1815],[-63.141,2.1728],[-63.1067,2.0797],[-63.0233,2.015],[-62.948,2.0313],[-62.8383,2.0168],[-62.7055,1.94],[-62.7037,1.8743],[-62.7305,1.8185],[-62.7232,1.7127],[-62.7958,1.631],[-62.8039,1.5907],[-62.7358,1.5299],[-62.7203,1.4888],[-62.6368,1.434],[-62.5457,1.1248],[-62.5206,1.0841],[-62.4711,1.0866],[-62.4772,1.0283],[-62.4453,0.9772],[-62.4855,0.8669],[-62.4572,0.7855],[-62.535,0.6942],[-62.5178,0.5841],[-62.5325,0.5091],[-62.5181,0.444],[-62.4847,0.4544],[-62.4458,0.3794],[-62.4678,0.2761],[-62.428,0.1739],[-62.4239,0.0919],[-62.3461,0.0299],[-62.3222,-0.0239],[-62.3192,-0.1022],[-62.2445,-0.1744],[-62.2478,-0.3016],[-62.1878,-0.3305],[-62.2017,-0.3927],[-62.2734,-0.4538],[-62.3087,-0.5138],[-62.3178,-0.5522],[-62.2903,-0.6019],[-62.2903,-0.6463],[-62.3703,-0.6764],[-62.3583,-0.7067],[-62.4064,-0.727],[-62.428,-0.6925],[-62.4861,-0.6811],[-62.5078,-0.7139],[-62.4944,-0.7503],[-62.5097,-0.7586],[-62.4803,-0.7947],[-62.3953,-0.82],[-62.3758,-0.8659],[-62.2933,-0.9478],[-62.2586,-0.9756],[-62.2033,-0.9825],[-62.1994,-1.0],[-62.125,-1.037],[-62.0991,-1.0964],[-62.0391,-1.1181],[-61.8961,-1.395],[-61.8264,-1.4014],[-61.7897,-1.3786],[-61.635,-1.4336],[-61.4741,-1.5786],[-61.4728,-1.5275],[-61.5159,-1.5021],[-61.5378,-1.4331],[-61.6186,-1.3945],[-61.5816,-1.3531],[-61.6283,-1.3011],[-61.5733,-1.1845],[-61.5761,-1.0789],[-61.5436,-1.062],[-61.5602,-0.9877],[-61.583,-0.9822],[-61.5847,-0.9367],[-61.543,-0.852],[-61.5383,-0.7559],[-61.4827,-0.7172],[-61.4641,-0.6645],[-61.3564,-0.5981],[-61.2236,-0.5592],[-61.2164,-0.4998],[-61.1571,-0.515],[-61.1483,-0.4989],[-61.0869,-0.4998],[-61.0455,-0.5456],[-60.9203,-0.555],[-60.9078,-0.6236],[-60.8822,-0.6489],[-60.8541,-0.6475],[-60.8428,-0.6903],[-60.7972,-0.7006],[-60.7966,-0.7445],[-60.7605,-0.7611],[-60.7733,-0.7909],[-60.7561,-0.7953],[-60.7522,-0.8609],[-60.6753,-0.8731],[-60.6675,-0.8942],[-60.62,-0.8631],[-60.5939,-0.872],[-60.5908,-0.8531],[-60.5305,-0.8747],[-60.5041,-0.8489],[-60.5194,-0.8334],[-60.4786,-0.7706],[-60.4266,-0.7781],[-60.3091,-0.7245],[-60.313,-0.6411],[-60.3828,-0.5897],[-60.3994,-0.5098],[-60.3442,-0.4403],[-60.3494,-0.407],[-60.2894,-0.2928],[-60.2989,-0.2114],[-60.2239,-0.1425],[-60.2283,-0.1009],[-60.2028,-0.0333],[-60.138,0.0291],[-60.123,0.0814],[-60.1374,0.103],[-60.1158,0.1336],[-60.0586,0.1633],[-60.0374,0.2638],[-58.8949,0.2639],[-58.8978,-0.0176],[-58.8634,-0.0777],[-58.8626,-0.1606],[-58.8805,-0.1963],[-58.8715,-0.3427],[-58.7292,-0.435],[-58.7349,-0.4712],[-58.7096,-0.5382],[-58.7335,-0.6113],[-58.7047,-0.6786],[-58.6344,-0.7186],[-58.5601,-0.8043],[-58.5117,-0.8394],[-58.4915,-0.8315],[-58.487,-0.8594],[-58.4355,-0.8831],[-58.4503,-0.9258],[-58.4102,-0.981],[-58.4296,-1.0268],[-58.368,-1.0657],[-58.3608,-1.1048],[-58.3228,-1.143],[-58.2543,-1.1323],[-58.1621,-1.2293],[-58.1188,-1.186],[-58.1232,-1.1643],[-58.0814,-1.1472],[-58.0813,-1.1262],[-58.017,-1.1058],[-58.0066,-1.1454],[-57.9715,-1.1622],[-57.9638,-1.2229],[-58.0004,-1.3298],[-57.955,-1.3827],[-57.9598,-1.4012],[-57.9202,-1.4025],[-57.9116,-1.4283],[-57.8235,-1.4394],[-57.7832,-1.5077],[-57.7126,-1.5038],[-57.7063,-1.5756],[-57.6782,-1.594],[-57.6021,-1.57],[-57.5929,-1.5994],[-57.5247,-1.6264],[-57.5283,-1.6524],[-57.5067,-1.6409],[-57.4747,-1.6777],[-57.4382,-1.6662],[-57.4271,-1.6915],[-57.4029,-1.6752],[-57.3922,-1.7227],[-57.3726,-1.7138],[-57.3516,-1.7328],[-57.3466,-1.7137],[-57.305,-1.7299],[-57.2534,-1.696],[-57.2302,-1.7256],[-57.2032,-1.7106],[-57.1939,-1.7274],[-57.1644,-1.7205],[-57.1627,-1.7682],[-57.1289,-1.7638],[-57.1153,-1.7914],[-57.0973,-1.7748],[-57.0634,-1.8082],[-57.0731,-1.8313],[-57.0367,-1.9112],[-56.9878,-1.9068],[-56.9523,-1.9599],[-56.8969,-1.9759],[-56.8585,-2.0156],[-56.734,-2.0217],[-56.7229,-2.067],[-56.768,-2.1654],[-56.7073,-2.1836],[-56.6786,-2.2122],[-56.6124,-2.2098],[-56.5973,-2.1746],[-56.5691,-2.1744],[-56.5266,-2.1389],[-56.4774,-2.17],[-56.4437,-2.1536],[-56.4134,-2.1756],[-56.3691,-2.1372],[-56.3163,-2.1398],[-56.297,-2.1005],[-56.2279,-2.0559],[-56.0981,-2.0267],[-56.2198,-2.1955],[-56.3838,-2.2701],[-56.4651,-2.4228],[-56.4017,-2.4563],[-58.262,-6.4686],[-58.3251,-6.4989],[-58.3494,-6.562],[-58.4268,-6.6158],[-58.4779,-6.6992],[-58.4812,-6.7811],[-58.434,-6.9084],[-58.3797,-6.9701],[-58.3383,-6.9836],[-58.2877,-7.0613],[-58.209,-7.1339],[-58.1676,-7.231],[-58.1695,-7.3128],[-58.1364,-7.3561],[-58.2125,-7.4581],[-58.2222,-7.5236],[-58.2016,-7.6205],[-58.2775,-7.7033],[-58.2943,-7.7719],[-58.3824,-7.8387],[-58.3729,-7.9068],[-58.2861,-8.0871],[-58.2865,-8.1281],[-58.3221,-8.1696],[-58.3144,-8.3227],[-58.3476,-8.3458],[-58.353,-8.3924],[-58.4167,-8.4919],[-58.3908,-8.6029],[-58.4369,-8.703],[-58.4105,-8.7198],[-58.3505,-8.7012],[-58.3256,-8.7196],[-58.3949,-8.7798],[-58.4998,-8.8024],[-61.5824,-8.7983],[-61.6055,-8.7943],[-61.63,-8.7216],[-61.7048,-8.7071],[-61.7127,-8.6875],[-61.7413,-8.6948],[-61.7741,-8.7479],[-61.836,-8.7323],[-61.8595,-8.8527],[-61.9241,-8.8788],[-61.9847,-8.8782],[-62.0305,-8.7993],[-62.1244,-8.8013],[-62.1646,-8.679],[-62.2,-8.6439],[-62.1761,-8.6365],[-62.1879,-8.5902],[-62.2684,-8.5754],[-62.2927,-8.5956],[-62.2808,-8.6382],[-62.3352,-8.6091],[-62.3253,-8.5633],[-62.3368,-8.5163],[-62.3655,-8.4932],[-62.3666,-8.3892],[-62.4317,-8.3717],[-62.4649,-8.3394],[-62.5256,-8.3827],[-62.551,-8.3578],[-62.5614,-8.2836],[-62.6494,-8.2367],[-62.6861,-8.1734],[-62.6725,-8.1449],[-62.6917,-8.0925],[-62.8445,-7.9862],[-63.6203,-7.9689],[-63.6213,-8.0292],[-63.6665,-8.0812],[-63.6694,-8.1214],[-63.7465,-8.1982],[-63.7222,-8.2491],[-63.773,-8.3204],[-63.7907,-8.3328],[-63.8702,-8.2884],[-63.9103,-8.3281],[-63.9436,-8.3308],[-63.9449,-8.3874],[-63.9774,-8.4198],[-63.9403,-8.4519],[-63.974,-8.4869],[-63.9241,-8.5751],[-63.9454,-8.6091],[-63.9857,-8.5853],[-64.035,-8.6932],[-64.0274,-8.7153],[-64.1304,-8.7218],[-64.1443,-8.7761],[-64.1289,-8.8048],[-64.1577,-8.8428],[-64.1489,-8.9586],[-64.2327,-8.9919],[-64.3108,-8.9961],[-64.3256,-8.9795],[-64.3091,-8.9341],[-64.3229,-8.9285],[-64.4461,-8.9765],[-64.5496,-8.9779],[-64.6106,-9.0161],[-64.6709,-9.0144],[-64.703,-8.9895],[-64.7607,-9.0202],[-64.7868,-8.9881],[-64.8388,-8.9937],[-64.8936,-9.0433],[-64.9168,-9.0428],[-64.9394,-9.1242],[-64.9192,-9.2199],[-64.9356,-9.2554],[-64.9624,-9.2924],[-65.0,-9.3042],[-65.0054,-9.3431],[-65.0388,-9.3592],[-65.0531,-9.4018],[-65.0918,-9.409],[-65.0974,-9.4321],[-65.1424,-9.4464],[-65.1841,-9.4266],[-65.1731,-9.3851],[-65.1957,-9.3749],[-65.2076,-9.2852],[-65.2462,-9.2573],[-65.3847,-9.3376],[-65.4466,-9.316],[-65.4561,-9.4008],[-65.4343,-9.4659],[-65.4923,-9.4733],[-65.5061,-9.4473],[-65.5963,-9.4135],[-65.679,-9.451],[-65.6806,-9.5],[-65.7231,-9.5587],[-65.7499,-9.5532],[-65.7911,-9.5853],[-65.8246,-9.5297],[-65.8478,-9.5319],[-65.8805,-9.4871],[-65.9122,-9.4834],[-65.9699,-9.4128],[-66.1235,-9.4084],[-66.1732,-9.434],[-66.243,-9.429],[-66.2674,-9.4094],[-66.3071,-9.4365],[-66.3185,-9.4196],[-66.3744,-9.426],[-66.4085,-9.4066],[-66.392,-9.5001],[-66.4945,-9.6012],[-66.5002,-9.6332],[-66.5859,-9.6732],[-66.6091,-9.6645],[-66.725,-9.7557],[-66.775,-9.7527],[-66.7802,-9.791],[-66.806,-9.8141],[-68.7275,-8.9997],[-70.369,-8.141],[-72.6588,-7.6246],[-73.8037,-7.1111],[-73.7255,-7.0218],[-73.7516,-6.9324],[-73.6448,-6.7614],[-73.5153,-6.6761],[-73.3823,-6.6346],[-73.3562,-6.5942],[-73.2479,-6.5832],[-73.2208,-6.564],[-73.2128,-6.5761],[-73.1858,-6.5269],[-73.1371,-6.4973],[-73.1088,-6.4093],[-73.249,-6.1442],[-73.2362,-6.0312],[-73.19,-5.9988],[-73.1569,-5.8687],[-73.1165,-5.8533],[-73.1175,-5.8276],[-73.0565,-5.7885],[-73.0426,-5.7486],[-72.9859,-5.6938],[-72.986,-5.6614],[-72.9617,-5.6539],[-72.975,-5.6237],[-72.9518,-5.5839],[-72.9566,-5.4644],[-72.8641,-5.2726],[-72.8855,-5.1659],[-72.8168,-5.1384],[-72.8145,-5.1096],[-72.74,-5.0902],[-72.7342,-5.0638],[-72.7077,-5.0531],[-72.6298,-5.0513],[-72.6063,-4.9947],[-72.5287,-4.9577],[-72.5217,-4.9381],[-72.4822,-4.9525],[-72.4584,-4.9254],[-72.4641,-4.896],[-72.4338,-4.9106],[-72.4268,-4.8806],[-72.3861,-4.8718],[-72.371,-4.8068],[-72.3247,-4.7963],[-72.3211,-4.7775],[-72.278,-4.783],[-72.2798,-4.7978],[-72.2545,-4.7657],[-72.2318,-4.7763],[-72.141,-4.7138],[-72.127,-4.7222],[-72.0457,-4.6511],[-72.0389,-4.6232],[-72.0063,-4.6409],[-71.9767,-4.6075],[-71.9457,-4.6044],[-71.9265,-4.5443],[-71.8858,-4.5334],[-71.8829,-4.5161],[-71.8682,-4.5258],[-71.7775,-4.4872],[-71.7615,-4.503],[-71.7489,-4.4724],[-71.7147,-4.5115],[-71.6536,-4.5074],[-71.6197,-4.47],[-71.634,-4.519],[-71.605,-4.5334],[-71.5372,-4.4671],[-71.4951,-4.4868],[-71.5088,-4.448],[-71.489,-4.4592],[-71.4602,-4.4389],[-71.4179,-4.4653],[-71.395,-4.4319],[-71.354,-4.4277],[-71.3144,-4.4577],[-71.3034,-4.4513],[-71.3235,-4.421],[-71.2724,-4.4341],[-71.2688,-4.3846],[-71.2297,-4.3872],[-71.2306,-4.4072],[-71.2073,-4.3793],[-71.2013,-4.4252],[-71.1847,-4.3923],[-71.1505,-4.3995],[-71.1531,-4.3828],[-71.1173,-4.4096],[-71.1001,-4.377],[-71.0791,-4.3954],[-71.0482,-4.3744],[-71.0427,-4.4002],[-70.9956,-4.3838],[-70.9962,-4.3452],[-70.9429,-4.3851],[-70.9083,-4.3326],[-70.8801,-4.3223],[-70.8789,-4.292],[-70.8498,-4.2781],[-70.8681,-4.25],[-70.8328,-4.2498],[-70.8076,-4.1832],[-70.7587,-4.1596],[-70.6809,-4.199],[-70.6746,-4.1447],[-70.6557,-4.1662],[-70.6528,-4.1268],[-70.6239,-4.1312],[-70.6386,-4.1655],[-70.6244,-4.1921],[-70.5655,-4.1687],[-70.5485,-4.1369],[-70.5218,-4.1426],[-70.5222,-4.1904],[-70.5033,-4.1964],[-70.4876,-4.1615],[-70.4726,-4.1765],[-70.4435,-4.1651],[-70.439,-4.1339],[-70.3766,-4.1419],[-70.3403,-4.1859],[-70.3256,-4.1461],[-70.2908,-4.1762],[-70.2845,-4.2335],[-70.3156,-4.259],[-70.2978,-4.2902],[-70.2554,-4.2774],[-70.2662,-4.3116],[-70.2162,-4.3189],[-70.1988,-4.3659],[-70.1521,-4.3351],[-70.1678,-4.3143],[-70.1579,-4.2839],[-70.1194,-4.2899],[-70.1078,-4.2643],[-70.0973,-4.2961],[-70.0713,-4.2964],[-70.0792,-4.3245],[-70.0436,-4.3519],[-69.9808,-4.327],[-69.9637,-4.3002],[-69.935,-4.216],[-69.7064,-2.9734],[-69.457,-1.493],[-69.4349,-1.4574],[-69.4287,-1.3864],[-69.3995,-1.3703],[-69.4308,-1.2326],[-69.3952,-1.1321],[-69.4428,-1.0361],[-69.4212,-1.0],[-69.4496,-0.9978],[-69.4696,-0.9599],[-69.5231,-0.9293],[-69.5228,-0.8858],[-69.5733,-0.8418],[-69.5627,-0.8118],[-69.6257,-0.7492],[-69.5639,-0.6393],[-69.6045,-0.5995],[-69.5926,-0.5672],[-69.6142,-0.5056],[-69.7328,-0.4457],[-69.8445,-0.3453],[-69.9228,-0.3311],[-70.0049,-0.2248],[-70.0571,-0.1863],[-70.0413,-0.1237],[-70.0427,0.5594],[-70.0152,0.5399],[-69.9947,0.5483],[-69.9979,0.5704],[-69.9417,0.5551],[-69.9141,0.5854],[-69.8312,0.5903],[-69.8088,0.573],[-69.7498,0.6223],[-69.7249,0.6174],[-69.6795,0.6709],[-69.6064,0.6299],[-69.5655,0.6844],[-69.5338,0.684],[-69.5271,0.7081],[-69.4808,0.7359],[-69.4372,0.7102],[-69.358,0.6126],[-69.3397,0.6395],[-69.3009,0.6495],[-69.287,0.6468],[-69.2974,0.604],[-69.2031,0.6059],[-69.1927,0.652],[-69.1162,0.636],[-69.1144,0.6504],[-69.1856,0.7336],[-69.1445,0.7835],[-69.1654,0.8523],[-69.1416,0.8528],[-69.1353,0.8776],[-69.1845,0.9032],[-69.1898,0.9333],[-69.163,0.9464],[-69.22,0.9854],[-69.2053,1.0105],[-69.2648,1.0647],[-69.3057,1.0715],[-69.3212,1.0961],[-69.3787,1.0955],[-69.4159,1.0531],[-69.4473,1.0841],[-69.5657,1.0813],[-69.6064,1.1054],[-69.6841,1.0773],[-69.7053,1.0827],[-69.7104,1.1267],[-69.7645,1.1135],[-69.8116,1.0698],[-69.8438,1.0856],[-69.8415,1.7209],[-69.7855,1.7057],[-69.7275,1.7473],[-69.6359,1.7376],[-69.5517,1.7919],[-69.4255,1.7573],[-69.3925,1.725],[-68.1562,1.7321],[-68.1871,1.7851],[-68.236,1.773],[-68.2329,1.8304],[-68.2663,1.8278],[-68.2426,1.9272],[-68.208,1.962],[-68.1393,1.9855],[-68.0867,1.9018],[-68.0428,1.9001],[-67.9729,1.8332],[-67.9406,1.8312],[-67.906,1.8666],[-67.9102,1.8986],[-67.8589,1.9207],[-67.7683,2.0398],[-67.6191,2.0241],[-67.5393,2.1564],[-67.4069,2.2466],[-67.3429,2.2059],[-67.3255,2.0301]]]]}},{"type":"Feature","properties":{"id":"ba","nome":"Bahia","sigla":"BA"},"geometry":{"type":"MultiPolygon","coordinates":[[[[-39.2882,-8.5629],[-39.2465,-8.6273],[-39.2334,-8.7054],[-39.1687,-8.6918],[-39.0321,-8.7369],[-38.953,-8.8031],[-38.8677,-8.7835],[-38.7984,-8.7924],[-38.7062,-8.8619],[-38.6706,-8.9745],[-38.6235,-8.9793],[-38.6034,-8.8802],[-38.5511,-8.8223],[-38.4696,-8.8651],[-38.5191,-8.9479],[-38.483,-9.0011],[-38.4081,-9.0381],[-38.3202,-8.9907],[-38.296,-9.0225],[-38.2897,-9.0469],[-38.3255,-9.0776],[-38.3042,-9.0964],[-38.3183,-9.1406],[-38.2872,-9.1735],[-38.2871,-9.2167],[-38.2371,-9.3293],[-38.1941,-9.3851],[-38.2029,-9.4182],[-38.1546,-9.443],[-38.0786,-9.4405],[-37.9985,-9.4973],[-38.0401,-9.6021],[-37.9875,-9.647],[-38.0395,-9.6862],[-38.0422,-9.7156],[-38.0278,-9.7757],[-37.9663,-9.8156],[-37.9973,-9.9163],[-37.9597,-9.9699],[-37.927,-9.9652],[-37.8314,-10.0005],[-37.7764,-10.1357],[-37.7825,-10.1802],[-37.7362,-10.3316],[-37.8386,-10.3787],[-37.8587,-10.426],[-37.8126,-10.5081],[-37.8402,-10.5491],[-37.8135,-10.6906],[-37.9995,-10.7639],[-38.0229,-10.7626],[-38.0579,-10.7081],[-38.2115,-10.7087],[-38.2126,-10.7586],[-38.2453,-10.8223],[-38.2291,-10.9155],[-38.184,-10.9419],[-38.1756,-10.9849],[-38.1061,-11.0154],[-38.0786,-11.074],[-38.0953,-11.1026],[-38.0701,-11.1206],[-38.0626,-11.1634],[-37.974,-11.1948],[-38.003,-11.2891],[-37.9876,-11.3313],[-37.9994,-11.3401],[-37.9692,-11.3735],[-37.9775,-11.3932],[-37.9524,-11.3955],[-37.9435,-11.4232],[-37.9288,-11.403],[-37.9047,-11.4109],[-37.8985,-11.4365],[-37.8655,-11.428],[-37.8803,-11.433],[-37.8487,-11.4447],[-37.8628,-11.4648],[-37.8087,-11.4964],[-37.8133,-11.5139],[-37.73,-11.5377],[-37.7267,-11.5524],[-37.703,-11.5402],[-37.6882,-11.5658],[-37.6699,-11.5636],[-37.6506,-11.5183],[-37.6027,-11.5398],[-37.5884,-11.5282],[-37.5782,-11.551],[-37.5175,-11.5476],[-37.5051,-11.5254],[-37.4439,-11.5161],[-37.3425,-11.4434],[-37.5147,-11.7416],[-37.622,-11.995],[-38.0491,-12.6345],[-38.3475,-12.9505],[-38.3953,-12.9568],[-38.4887,-13.0141],[-38.5828,-12.9993],[-38.5618,-12.9195],[-38.6159,-12.9308],[-38.6055,-12.9586],[-38.6549,-13.029],[-38.714,-13.0598],[-38.7631,-13.1178],[-38.9321,-13.2174],[-38.9646,-13.2832],[-38.9607,-13.367],[-38.9427,-13.3951],[-38.9058,-13.3775],[-38.888,-13.4478],[-38.9158,-13.4739],[-38.9044,-13.4872],[-38.9349,-13.5593],[-38.8882,-13.643],[-38.9136,-13.6733],[-38.9366,-13.6551],[-38.9664,-13.6702],[-38.9975,-13.7441],[-38.9997,-13.7831],[-38.9362,-13.8847],[-38.9276,-13.9389],[-38.9891,-14.1873],[-38.9969,-14.2561],[-38.982,-14.2957],[-39.0062,-14.3404],[-39.0652,-14.7051],[-39.0531,-14.7778],[-39.0244,-14.8057],[-38.9978,-14.9936],[-38.9931,-15.2957],[-38.9422,-15.5278],[-38.9365,-15.6564],[-38.8563,-15.8601],[-38.9531,-16.098],[-38.9486,-16.1558],[-39.0172,-16.2523],[-39.0082,-16.375],[-39.0582,-16.4271],[-39.1072,-16.7094],[-39.141,-16.7567],[-39.142,-16.8654],[-39.1115,-16.8952],[-39.1522,-16.9418],[-39.173,-17.014],[-39.1655,-17.0623],[-39.2126,-17.1682],[-39.2212,-17.2852],[-39.1909,-17.4465],[-39.1944,-17.579],[-39.1354,-17.6877],[-39.2599,-17.8302],[-39.2708,-17.8711],[-39.4427,-17.9444],[-39.5494,-18.0952],[-39.5672,-18.09],[-39.5537,-18.1025],[-39.6356,-18.2344],[-39.6702,-18.3487],[-39.6738,-18.3243],[-40.222,-17.9799],[-40.2631,-17.9215],[-40.1747,-17.8522],[-40.2177,-17.7952],[-40.2235,-17.7336],[-40.28,-17.7223],[-40.3473,-17.6142],[-40.3543,-17.6438],[-40.3716,-17.612],[-40.3964,-17.6251],[-40.4141,-17.6096],[-40.4103,-17.5677],[-40.4603,-17.5682],[-40.4879,-17.524],[-40.4826,-17.488],[-40.5203,-17.4469],[-40.6231,-17.4055],[-40.5993,-17.3899],[-40.5923,-17.345],[-40.6086,-17.3265],[-40.5474,-17.2832],[-40.5708,-17.2517],[-40.552,-17.1987],[-40.5783,-17.1483],[-40.5564,-17.0891],[-40.5696,-17.0614],[-40.4908,-16.884],[-40.4072,-16.8982],[-40.3661,-16.8737],[-40.3267,-16.9089],[-40.3024,-16.8918],[-40.2812,-16.9007],[-40.2465,-16.8453],[-40.2574,-16.8061],[-40.3451,-16.7868],[-40.3098,-16.7357],[-40.3123,-16.6783],[-40.2751,-16.5736],[-40.2341,-16.5583],[-40.1595,-16.5798],[-40.1708,-16.5237],[-40.0976,-16.4222],[-40.0836,-16.4635],[-40.0679,-16.4579],[-39.9904,-16.313],[-39.9683,-16.3266],[-39.9163,-16.2834],[-39.9355,-16.2445],[-39.883,-16.1942],[-39.8966,-16.1411],[-39.8564,-16.1134],[-39.9353,-16.0233],[-39.9157,-16.0001],[-40.004,-16.0014],[-40.0658,-15.9597],[-40.0784,-15.9405],[-40.0657,-15.9094],[-40.0805,-15.9236],[-40.0846,-15.8967],[-40.105,-15.9116],[-40.1703,-15.9071],[-40.1657,-15.8679],[-40.1997,-15.862],[-40.2305,-15.8033],[-40.3765,-15.8231],[-40.4246,-15.8052],[-40.4602,-15.7533],[-40.4815,-15.7746],[-40.5083,-15.7675],[-40.5179,-15.797],[-40.5617,-15.8028],[-40.6062,-15.7363],[-40.629,-15.7152],[-40.6446,-15.7284],[-40.699,-15.6682],[-40.7318,-15.6744],[-40.7382,-15.7004],[-40.7673,-15.7136],[-40.8152,-15.648],[-40.8416,-15.6828],[-40.8812,-15.694],[-40.9022,-15.6914],[-40.9139,-15.6606],[-40.9619,-15.6484],[-41.0039,-15.7116],[-41.0772,-15.7188],[-41.1438,-15.7714],[-41.2149,-15.7368],[-41.3308,-15.7442],[-41.356,-15.4998],[-41.8003,-15.1006],[-41.8706,-15.1161],[-41.9326,-15.1729],[-41.9966,-15.1589],[-42.0912,-15.1862],[-42.1729,-15.0855],[-42.2644,-15.1247],[-42.3308,-15.0795],[-42.3545,-15.0977],[-42.3757,-15.0708],[-42.4425,-15.0602],[-42.4364,-15.0223],[-42.4755,-15.0166],[-42.5867,-14.9299],[-42.6249,-14.944],[-42.723,-14.8852],[-42.7547,-14.846],[-42.7906,-14.8389],[-42.8721,-14.7645],[-42.9267,-14.7437],[-42.9385,-14.7076],[-43.066,-14.6801],[-43.0834,-14.6975],[-43.1759,-14.6501],[-43.3108,-14.6693],[-43.4345,-14.7226],[-43.4808,-14.7674],[-43.4741,-14.7895],[-43.531,-14.8148],[-43.5368,-14.7831],[-43.5802,-14.7504],[-43.6146,-14.7594],[-43.6869,-14.7214],[-43.7195,-14.7291],[-43.7258,-14.6977],[-43.8588,-14.6738],[-43.8831,-14.6528],[-43.8735,-14.5201],[-43.7828,-14.3388],[-43.8917,-14.2953],[-43.9417,-14.3046],[-43.986,-14.2671],[-44.0341,-14.2884],[-44.1122,-14.2583],[-44.1352,-14.2817],[-44.1369,-14.2637],[-44.1725,-14.2661],[-44.2147,-14.2329],[-44.2471,-14.2597],[-44.3161,-14.2399],[-44.4868,-14.3281],[-44.5652,-14.3396],[-44.6585,-14.3953],[-44.6676,-14.4234],[-44.6879,-14.4162],[-44.7009,-14.4493],[-44.8328,-14.4994],[-44.8239,-14.5389],[-44.8584,-14.5711],[-44.8435,-14.5659],[-44.843,-14.5804],[-45.0391,-14.6798],[-45.0831,-14.7486],[-45.1632,-14.7319],[-45.2052,-14.7443],[-45.2853,-14.832],[-45.3167,-14.8316],[-45.3176,-14.8521],[-45.3635,-14.8712],[-45.3994,-14.917],[-45.4345,-14.9221],[-45.4547,-14.9533],[-45.5657,-14.9444],[-45.6157,-15.0133],[-45.6549,-15.0258],[-45.6743,-15.08],[-45.7166,-15.0934],[-45.7214,-15.1116],[-45.825,-15.1159],[-45.8726,-15.1574],[-45.918,-15.1331],[-45.9533,-15.1391],[-45.9841,-15.1955],[-46.0276,-15.2009],[-46.0522,-15.2587],[-46.0767,-15.2642],[-46.1188,-15.1918],[-46.0494,-15.1659],[-46.0433,-15.1177],[-45.9751,-15.0385],[-45.9657,-14.9652],[-46.0068,-14.9248],[-46.0034,-14.9018],[-46.0524,-14.8309],[-46.0076,-14.7928],[-46.0019,-14.7128],[-46.0282,-14.6815],[-46.0242,-14.6647],[-45.9893,-14.6587],[-45.9949,-14.5423],[-45.9767,-14.5384],[-46.0038,-14.5154],[-45.9932,-14.4949],[-46.016,-14.469],[-46.0004,-14.4341],[-46.0164,-14.4189],[-46.008,-14.407],[-45.9984,-14.4289],[-45.9746,-14.4314],[-45.9349,-14.4149],[-45.9069,-14.3529],[-45.9425,-14.3423],[-45.9628,-14.2855],[-45.9949,-14.2785],[-45.9956,-14.2568],[-46.0606,-14.2321],[-46.0631,-14.1931],[-46.0958,-14.205],[-46.1177,-14.1599],[-46.1852,-14.1514],[-46.2018,-14.1192],[-46.2654,-14.0975],[-46.2248,-14.0692],[-46.248,-14.0561],[-46.2096,-14.0124],[-46.2208,-13.9724],[-46.2677,-13.9433],[-46.2341,-13.8485],[-46.2691,-13.8284],[-46.2622,-13.8081],[-46.282,-13.796],[-46.2232,-13.769],[-46.2367,-13.7444],[-46.2665,-13.7399],[-46.2359,-13.7078],[-46.2603,-13.6868],[-46.1615,-13.5905],[-46.1839,-13.5666],[-46.2351,-13.5625],[-46.2409,-13.5251],[-46.2182,-13.5001],[-46.2298,-13.481],[-46.2054,-13.4649],[-46.2425,-13.4295],[-46.2139,-13.4003],[-46.1332,-13.3752],[-46.048,-13.3088],[-46.0411,-13.2804],[-46.0634,-13.2609],[-46.2651,-13.3475],[-46.3155,-13.3027],[-46.2982,-13.2532],[-46.3307,-13.2491],[-46.3004,-13.1932],[-46.3094,-13.1575],[-46.2916,-13.1474],[-46.3222,-13.0979],[-46.2729,-13.0145],[-46.1254,-12.961],[-46.1139,-12.9175],[-46.1385,-12.909],[-46.3044,-12.9494],[-46.2923,-12.859],[-46.2619,-12.8312],[-46.2825,-12.7837],[-46.2645,-12.7165],[-46.2928,-12.6924],[-46.2564,-12.6557],[-46.2898,-12.6313],[-46.2795,-12.5845],[-46.2548,-12.5466],[-46.1602,-12.5282],[-46.1535,-12.4828],[-46.2543,-12.4928],[-46.256,-12.4239],[-46.3006,-12.4154],[-46.2852,-12.3786],[-46.352,-12.337],[-46.3241,-12.3021],[-46.3746,-12.2864],[-46.38,-12.2481],[-46.3598,-12.2246],[-46.3906,-12.1935],[-46.3893,-12.1665],[-46.3659,-12.1108],[-46.3974,-12.0399],[-46.3253,-11.9581],[-46.1921,-11.9291],[-46.1708,-11.9006],[-46.1889,-11.8835],[-46.2377,-11.9022],[-46.2846,-11.8855],[-46.3175,-11.8981],[-46.3742,-11.8682],[-46.373,-11.8362],[-46.3471,-11.8355],[-46.3223,-11.7703],[-46.373,-11.7507],[-46.3289,-11.7369],[-46.295,-11.6945],[-46.3145,-11.6318],[-46.2559,-11.6208],[-46.1536,-11.6566],[-46.0828,-11.6357],[-46.1266,-11.6039],[-46.2023,-11.6022],[-46.2359,-11.5649],[-46.313,-11.5391],[-46.4109,-11.5415],[-46.4451,-11.5142],[-46.4789,-11.516],[-46.5196,-11.4831],[-46.5277,-11.4221],[-46.5485,-11.408],[-46.5489,-11.3803],[-46.6012,-11.3468],[-46.6167,-11.289],[-46.6092,-11.2555],[-46.4719,-11.1908],[-46.3985,-10.994],[-46.283,-10.9063],[-46.2896,-10.8475],[-46.2291,-10.794],[-46.2272,-10.7664],[-46.251,-10.7567],[-46.1921,-10.7193],[-46.1876,-10.6846],[-46.2105,-10.6493],[-46.1688,-10.6196],[-46.0657,-10.6029],[-46.0246,-10.5424],[-45.9708,-10.5282],[-45.8876,-10.4491],[-45.8273,-10.4355],[-45.8243,-10.3656],[-45.738,-10.342],[-45.6971,-10.2632],[-45.6989,-10.1664],[-45.7225,-10.1549],[-45.6028,-10.1076],[-45.567,-10.1391],[-45.5668,-10.2011],[-45.5259,-10.2364],[-45.5167,-10.2861],[-45.4299,-10.3591],[-45.4241,-10.4261],[-45.396,-10.4465],[-45.4468,-10.507],[-45.4355,-10.6195],[-45.3745,-10.6674],[-45.3578,-10.7318],[-45.2714,-10.7741],[-45.2476,-10.8216],[-45.0728,-10.84],[-44.9308,-10.9283],[-44.8632,-10.8858],[-44.8454,-10.8993],[-44.808,-10.8646],[-44.7876,-10.8081],[-44.7585,-10.8044],[-44.7508,-10.7817],[-44.6673,-10.7596],[-44.6673,-10.6855],[-44.6278,-10.6753],[-44.5774,-10.6264],[-44.5021,-10.6495],[-44.4529,-10.6073],[-44.401,-10.6066],[-44.3352,-10.5486],[-44.2636,-10.6243],[-44.2082,-10.6149],[-44.1651,-10.6425],[-44.1341,-10.6358],[-44.1102,-10.5968],[-44.0726,-10.5803],[-44.0254,-10.4751],[-44.0289,-10.416],[-44.0073,-10.4049],[-43.9168,-10.424],[-43.9144,-10.3837],[-43.8378,-10.3034],[-43.8369,-10.2507],[-43.7787,-10.1801],[-43.7656,-10.0796],[-43.6925,-10.077],[-43.6619,-10.0039],[-43.7026,-9.9657],[-43.6901,-9.9291],[-43.7086,-9.9128],[-43.6528,-9.8386],[-43.7845,-9.762],[-43.7983,-9.6947],[-43.8416,-9.637],[-43.8493,-9.5476],[-43.7693,-9.4416],[-43.6864,-9.4176],[-43.4851,-9.2649],[-43.4275,-9.2722],[-43.3736,-9.351],[-43.2784,-9.4242],[-43.2182,-9.4002],[-43.1913,-9.42],[-43.1582,-9.3766],[-43.1328,-9.3868],[-43.1196,-9.3721],[-43.0593,-9.3969],[-43.0566,-9.4174],[-42.9715,-9.4077],[-42.9459,-9.518],[-42.9053,-9.526],[-42.8705,-9.5635],[-42.8367,-9.55],[-42.8202,-9.6188],[-42.7648,-9.6163],[-42.7165,-9.5559],[-42.7197,-9.5308],[-42.6742,-9.5483],[-42.6212,-9.5408],[-42.5861,-9.4964],[-42.4918,-9.493],[-42.4875,-9.4613],[-42.4425,-9.457],[-42.4207,-9.412],[-42.3621,-9.3791],[-42.3188,-9.3198],[-42.2433,-9.2885],[-42.1001,-9.2806],[-42.021,-9.2498],[-41.9996,-9.2655],[-41.9719,-9.2482],[-41.9175,-9.2781],[-41.8701,-9.237],[-41.8376,-9.2419],[-41.7997,-9.1476],[-41.7348,-9.0943],[-41.7232,-9.0131],[-41.6801,-9.0119],[-41.6054,-8.957],[-41.5441,-8.9601],[-41.5021,-8.8636],[-41.4238,-8.8021],[-41.382,-8.7085],[-41.2811,-8.7357],[-41.2266,-8.7043],[-41.1133,-8.7036],[-41.1242,-8.7523],[-41.1014,-8.7816],[-41.0359,-8.7855],[-41.0209,-8.8432],[-40.9787,-8.823],[-40.9461,-8.8446],[-40.921,-8.835],[-40.8512,-8.9521],[-40.8037,-9.0979],[-40.7564,-9.1046],[-40.7567,-9.1194],[-40.6847,-9.1372],[-40.667,-9.1587],[-40.6941,-9.2331],[-40.6862,-9.2764],[-40.7551,-9.3133],[-40.7369,-9.3365],[-40.7423,-9.4003],[-40.7646,-9.4128],[-40.7763,-9.454],[-40.7218,-9.4455],[-40.6228,-9.4825],[-40.5619,-9.461],[-40.529,-9.4137],[-40.4679,-9.4201],[-40.4205,-9.3522],[-40.371,-9.3783],[-40.3347,-9.3535],[-40.2854,-9.1815],[-40.2863,-9.1169],[-40.2503,-9.0601],[-40.2273,-9.0557],[-40.1646,-9.1061],[-40.1283,-9.1092],[-40.0653,-9.0628],[-39.9576,-9.0482],[-39.8736,-8.9309],[-39.9015,-8.8603],[-39.8943,-8.8313],[-39.6742,-8.7867],[-39.6908,-8.6619],[-39.6072,-8.6556],[-39.4757,-8.5924],[-39.4078,-8.5382],[-39.2882,-8.5629]],[[-39.5762,-18.0882],[-39.572,-18.0911],[-39.5729,-18.0836],[-39.5736,-18.0807],[-39.5812,-18.0825],[-39.5762,-18.0882]]]]}},{"type":"Feature","properties":{"id":"ce","nome":"Ceará","sigla":"CE"},"geometry":{"type":"MultiPolygon","coordinates":[[[[-40.018,-2.837],[-39.8863,-2.8844],[-39.7136,-2.9995],[-39.6875,-2.9943],[-39.6538,-3.0233],[-39.6191,-3.026],[-39.5895,-3.0704],[-39.384,-3.1838],[-39.3645,-3.1734],[-39.2522,-3.2218],[-39.1695,-3.3233],[-39.1123,-3.347],[-39.0832,-3.3932],[-39.0394,-3.4108],[-38.9946,-3.3971],[-38.9087,-3.5042],[-38.8511,-3.5405],[-38.8119,-3.5409],[-38.7632,-3.6044],[-38.6665,-3.6744],[-38.4988,-3.7248],[-38.4717,-3.7073],[-38.3639,-3.8815],[-38.3026,-3.9431],[-38.2709,-3.9462],[-38.1179,-4.1453],[-38.0133,-4.2461],[-37.8509,-4.379],[-37.7696,-4.4012],[-37.729,-4.4968],[-37.5926,-4.6252],[-37.5401,-4.6439],[-37.4987,-4.6255],[-37.3249,-4.7013],[-37.2803,-4.7541],[-37.2516,-4.832],[-37.6399,-4.926],[-37.6773,-5.053],[-37.7237,-5.0695],[-37.7646,-5.1392],[-37.7896,-5.2106],[-37.7827,-5.2944],[-37.8471,-5.3396],[-37.9016,-5.4971],[-37.9322,-5.5027],[-37.9896,-5.5554],[-38.0339,-5.6368],[-38.0823,-5.6722],[-38.0886,-5.7277],[-38.0467,-5.73],[-38.1185,-5.8325],[-38.1246,-5.8872],[-38.1643,-5.9457],[-38.2441,-5.9991],[-38.2588,-6.0534],[-38.3044,-6.0866],[-38.3464,-6.0669],[-38.3649,-6.0881],[-38.3827,-6.0526],[-38.4469,-6.0849],[-38.5009,-6.1906],[-38.5268,-6.193],[-38.5279,-6.237],[-38.5782,-6.2798],[-38.5656,-6.3022],[-38.5812,-6.3307],[-38.564,-6.3558],[-38.6017,-6.3892],[-38.5729,-6.4034],[-38.5298,-6.393],[-38.5175,-6.4083],[-38.6119,-6.5128],[-38.6425,-6.5808],[-38.6288,-6.6042],[-38.6549,-6.6301],[-38.6468,-6.6636],[-38.6728,-6.6968],[-38.6508,-6.7599],[-38.6138,-6.7828],[-38.6767,-6.8326],[-38.675,-6.8614],[-38.7648,-6.9105],[-38.7648,-6.9476],[-38.7425,-6.9748],[-38.7646,-6.9935],[-38.6695,-7.0473],[-38.6769,-7.0667],[-38.656,-7.092],[-38.6874,-7.1898],[-38.6257,-7.1912],[-38.5947,-7.2461],[-38.5514,-7.2428],[-38.5342,-7.2934],[-38.5952,-7.4142],[-38.5849,-7.4344],[-38.6029,-7.4572],[-38.6445,-7.4596],[-38.6313,-7.4849],[-38.6549,-7.5651],[-38.7106,-7.5862],[-38.7424,-7.6599],[-38.8193,-7.6644],[-38.8216,-7.7144],[-38.8694,-7.7111],[-38.881,-7.747],[-38.9392,-7.7584],[-38.9657,-7.8446],[-39.001,-7.8397],[-39.0175,-7.8135],[-39.0534,-7.8189],[-39.0909,-7.8578],[-39.1022,-7.7707],[-39.1353,-7.723],[-39.2077,-7.6892],[-39.2522,-7.7045],[-39.2716,-7.6601],[-39.3065,-7.6647],[-39.3033,-7.6282],[-39.2776,-7.6066],[-39.3172,-7.5409],[-39.6622,-7.3102],[-39.9152,-7.3378],[-39.9611,-7.3886],[-40.2461,-7.4333],[-40.2717,-7.3917],[-40.319,-7.374],[-40.5481,-7.3923],[-40.5411,-7.3319],[-40.5118,-7.3014],[-40.4894,-7.1183],[-40.4273,-7.0335],[-40.4368,-7.0157],[-40.4059,-7.0049],[-40.4289,-6.9942],[-40.4281,-6.8639],[-40.3702,-6.8027],[-40.4318,-6.8126],[-40.4759,-6.7341],[-40.6067,-6.7137],[-40.6504,-6.6784],[-40.7098,-6.6757],[-40.7316,-6.6537],[-40.7216,-6.6173],[-40.7917,-6.5125],[-40.8048,-6.3927],[-40.7807,-6.3239],[-40.8518,-6.2238],[-40.8465,-6.1317],[-40.8729,-6.0559],[-40.9067,-6.0414],[-40.8741,-5.9743],[-40.9132,-5.7264],[-40.9384,-5.673],[-40.9109,-5.6562],[-40.9007,-5.6154],[-40.932,-5.5485],[-40.9154,-5.4658],[-40.9421,-5.4199],[-40.9112,-5.407],[-40.9357,-5.3656],[-40.9131,-5.3191],[-40.9255,-5.294],[-40.9114,-5.2692],[-40.9416,-5.2399],[-40.9217,-5.2261],[-40.9251,-5.1811],[-40.9821,-5.1532],[-41.0336,-5.0907],[-41.052,-5.103],[-41.0797,-5.0907],[-41.0966,-5.0528],[-41.1314,-5.0477],[-41.1222,-5.0077],[-41.1371,-4.9846],[-41.1505,-4.9917],[-41.1798,-4.9472],[-41.2203,-4.9372],[-41.2488,-4.8687],[-41.2409,-4.8214],[-41.2076,-4.7764],[-41.25,-4.7563],[-41.1739,-4.6671],[-41.229,-4.6197],[-41.2211,-4.58],[-41.2422,-4.5711],[-41.2216,-4.5671],[-41.1904,-4.5152],[-41.1596,-4.3811],[-41.1198,-4.3302],[-41.1355,-4.2331],[-41.0905,-4.17],[-41.118,-4.1649],[-41.1428,-4.1239],[-41.114,-4.0403],[-41.1827,-4.0184],[-41.2543,-4.0354],[-41.2199,-3.9411],[-41.2765,-3.8253],[-41.3004,-3.8259],[-41.2537,-3.7747],[-41.257,-3.7295],[-41.2391,-3.7122],[-41.3414,-3.6804],[-41.331,-3.6245],[-41.3702,-3.5668],[-41.3365,-3.5535],[-41.3237,-3.5029],[-41.2988,-3.4907],[-41.3276,-3.4883],[-41.3476,-3.4143],[-41.3886,-3.412],[-41.4023,-3.362],[-41.4231,-3.3677],[-41.3188,-3.145],[-41.2563,-3.0877],[-41.2567,-3.0043],[-41.2719,-2.9709],[-41.3187,-2.957],[-41.3223,-2.921],[-41.2584,-2.884],[-41.1013,-2.9006],[-40.9146,-2.8731],[-40.9057,-2.8585],[-40.8615,-2.8559],[-40.8428,-2.8843],[-40.7596,-2.8498],[-40.5916,-2.8433],[-40.4994,-2.7841],[-40.4355,-2.8109],[-40.2559,-2.8086],[-40.1872,-2.8141],[-40.1472,-2.8391],[-40.1277,-2.8254],[-40.018,-2.837]]],[[[-40.0246,-2.8341],[-40.018,-2.837],[-40.0271,-2.8357],[-40.0246,-2.8341]]]]}},{"type":"Feature","properties":{"id":"df","nome":"Distrito Federal","sigla":"DF"},"geometry":{"type":"MultiPolygon","coordinates":[[[[-47.3086,-16.0355],[-47.3084,-16.0501],[-48.2787,-16.0511],[-48.2515,-15.9426],[-48.2763,-15.9301],[-48.2866,-15.8427],[-48.2056,-15.741],[-48.207,-15.7179],[-48.2404,-15.7065],[-48.2325,-15.6387],[-48.1999,-15.6214],[-48.1972,-15.5005],[-47.4169,-15.4999],[-47.4173,-15.5464],[-47.3154,-15.594],[-47.3327,-15.6295],[-47.3137,-15.7468],[-47.3655,-15.8277],[-47.3753,-15.8962],[-47.3603,-15.9312],[-47.3764,-15.9779],[-47.3682,-16.0015],[-47.3086,-16.0355]]]]}},{"type":"Feature","properties":{"id":"es","nome":"Espírito Santo","sigla":"ES"},"geometry":{"type":"MultiPolygon","coordinates":[[[[-40.7238,-20.8418],[-40.7586,-20.8642],[-40.8035,-20.9431],[-40.8006,-21.0047],[-40.856,-21.1276],[-40.9077,-21.1673],[-40.9532,-21.2372],[-40.9572,-21.303],[-40.9949,-21.2851],[-41.006,-21.2517],[-41.041,-21.2547],[-41.092,-21.2182],[-41.1606,-21.2455],[-41.2409,-21.2207],[-41.2767,-21.2398],[-41.3771,-21.1952],[-41.4475,-21.2136],[-41.4788,-21.1818],[-41.5653,-21.1822],[-41.5874,-21.1483],[-41.6537,-21.1425],[-41.6923,-21.1158],[-41.7176,-21.1233],[-41.7075,-21.1066],[-41.7357,-21.1023],[-41.7104,-20.991],[-41.736,-20.928],[-41.712,-20.8711],[-41.7413,-20.8714],[-41.7405,-20.8178],[-41.7553,-20.807],[-41.8134,-20.8048],[-41.8786,-20.7603],[-41.8561,-20.7472],[-41.8606,-20.7063],[-41.8084,-20.6437],[-41.817,-20.624],[-41.8557,-20.614],[-41.8039,-20.5436],[-41.7992,-20.4771],[-41.803,-20.4219],[-41.8584,-20.3725],[-41.8467,-20.329],[-41.7806,-20.2921],[-41.7563,-20.2064],[-41.4113,-20.2062],[-41.3817,-20.1883],[-41.3077,-20.0125],[-41.3075,-19.9478],[-41.2438,-19.9364],[-41.228,-19.9051],[-41.1845,-19.8885],[-41.1859,-19.8272],[-41.1655,-19.792],[-41.1904,-19.7464],[-41.1681,-19.6717],[-41.0364,-19.5683],[-41.0454,-19.4875],[-40.9718,-19.5048],[-40.9489,-19.4727],[-40.9672,-19.4272],[-40.9283,-19.3807],[-40.9382,-19.3473],[-40.9073,-19.3083],[-40.9441,-19.2791],[-40.9171,-19.2558],[-40.9382,-19.2489],[-40.9223,-19.2036],[-40.9438,-19.1439],[-41.008,-19.0978],[-41.0122,-19.0753],[-41.0652,-19.0508],[-41.0659,-19.0062],[-41.018,-18.9731],[-41.0384,-18.9799],[-41.0678,-18.9424],[-41.1033,-18.9336],[-41.166,-18.8577],[-41.208,-18.8546],[-41.2144,-18.8772],[-41.242,-18.8539],[-41.2321,-18.7968],[-41.1337,-18.7956],[-41.0971,-18.8418],[-40.9635,-18.8407],[-40.9165,-18.815],[-40.9432,-18.6871],[-41.044,-18.6478],[-41.0527,-18.6282],[-41.0326,-18.6177],[-41.0235,-18.4567],[-41.1816,-18.4386],[-41.1443,-18.4058],[-41.1621,-18.3903],[-41.1455,-18.3734],[-41.1584,-18.3083],[-41.0961,-18.2551],[-41.104,-18.2128],[-41.0556,-18.1661],[-40.9891,-18.1702],[-40.9866,-18.1463],[-40.9541,-18.154],[-40.9496,-18.1288],[-40.9318,-18.136],[-40.8927,-18.1074],[-40.8495,-18.147],[-40.7711,-18.1554],[-40.7729,-18.1071],[-40.9022,-17.987],[-40.8823,-17.9701],[-40.8627,-17.9878],[-40.8084,-17.9523],[-40.7946,-17.9813],[-40.7708,-17.9806],[-40.7719,-18.0018],[-40.7254,-18.0007],[-40.7041,-18.0229],[-40.6255,-17.9888],[-40.613,-17.9392],[-40.5868,-17.9385],[-40.5843,-17.9177],[-40.5266,-17.8915],[-40.4638,-17.9277],[-40.3336,-17.9269],[-40.222,-17.9799],[-39.6665,-18.3319],[-39.7282,-18.4999],[-39.7499,-18.8412],[-39.6886,-19.3058],[-39.729,-19.4654],[-39.807,-19.6477],[-39.9112,-19.6865],[-39.9831,-19.7389],[-40.0519,-19.8099],[-40.0987,-19.9184],[-40.1393,-19.9487],[-40.1297,-19.9675],[-40.1585,-20.0378],[-40.1903,-20.056],[-40.1711,-20.1092],[-40.1974,-20.2163],[-40.2372,-20.2891],[-40.2501,-20.2946],[-40.2583,-20.2666],[-40.292,-20.2876],[-40.2773,-20.3006],[-40.2892,-20.323],[-40.2705,-20.3297],[-40.3153,-20.3917],[-40.3583,-20.5182],[-40.4237,-20.6352],[-40.4607,-20.6231],[-40.5206,-20.7301],[-40.5494,-20.7406],[-40.5811,-20.8023],[-40.6073,-20.8053],[-40.6273,-20.8408],[-40.6538,-20.8034],[-40.6453,-20.786],[-40.6555,-20.8102],[-40.7238,-20.8418]],[[-40.5266,-20.6552],[-40.5233,-20.6661],[-40.512,-20.6674],[-40.5047,-20.6705],[-40.5145,-20.6634],[-40.5244,-20.6635],[-40.5266,-20.6552]],[[-40.5361,-20.6853],[-40.5198,-20.6905],[-40.5209,-20.6847],[-40.5297,-20.677],[-40.5405,-20.6744],[-40.532,-20.6792],[-40.5361,-20.6853]]],[[[-40.475,-20.6608],[-40.4724,-20.6542],[-40.4647,-20.6521],[-40.4659,-20.6554],[-40.4675,-20.6598],[-40.4711,-20.6605],[-40.475,-20.6608]]],[[[-40.7244,-20.8466],[-40.7238,-20.8418],[-40.7186,-20.8455],[-40.7244,-20.8466]]]]}},{"type":"Feature","properties":{"id":"go","nome":"Goiás","sigla":"GO"},"geometry":{"type":"MultiPolygon","coordinates":[[[[-50.1578,-12.412],[-50.2048,-12.4654],[-50.2293,-12.5319],[-50.1927,-12.5639],[-50.2345,-12.5774],[-50.2664,-12.682],[-50.2996,-12.6805],[-50.2838,-12.7178],[-50.3108,-12.7981],[-50.2922,-12.8395],[-50.2311,-12.8537],[-50.183,-12.8963],[-50.0784,-12.9055],[-50.044,-12.9331],[-49.9129,-12.9656],[-49.369,-13.2742],[-49.3416,-13.2547],[-49.3539,-13.1026],[-49.337,-13.0659],[-49.2784,-12.9886],[-49.237,-12.8835],[-49.196,-12.8668],[-49.1186,-12.7899],[-49.1058,-12.8357],[-49.0671,-12.8469],[-49.0776,-12.9033],[-49.0241,-12.9062],[-48.9752,-12.9568],[-48.8736,-12.807],[-48.8463,-12.8094],[-48.8419,-12.844],[-48.8205,-12.8439],[-48.7361,-12.9206],[-48.7303,-12.9894],[-48.7071,-13.0042],[-48.6741,-12.9948],[-48.6017,-13.0599],[-48.5782,-13.1262],[-48.5963,-13.1522],[-48.5793,-13.207],[-48.6001,-13.2382],[-48.586,-13.3172],[-48.5532,-13.3015],[-48.5542,-13.2045],[-48.5299,-13.1921],[-48.5084,-13.1284],[-48.4721,-13.1423],[-48.4748,-13.2353],[-48.4413,-13.2919],[-48.4294,-13.2712],[-48.3365,-13.2467],[-48.3417,-13.228],[-48.3074,-13.2349],[-48.2801,-13.1992],[-48.2504,-13.1966],[-48.2314,-13.1677],[-48.1953,-13.1723],[-48.1735,-13.1477],[-48.1454,-13.1528],[-48.1634,-13.1837],[-48.165,-13.3054],[-48.0826,-13.2883],[-48.0787,-13.2425],[-48.062,-13.235],[-48.0221,-13.2794],[-47.9857,-13.2779],[-47.9659,-13.3148],[-47.9354,-13.2903],[-47.8831,-13.3201],[-47.8235,-13.3114],[-47.6785,-13.4673],[-47.6223,-13.3672],[-47.6497,-13.3508],[-47.6618,-13.3034],[-47.64,-13.2628],[-47.6685,-13.209],[-47.6549,-13.1774],[-47.6695,-13.1679],[-47.6441,-13.1494],[-47.6343,-13.1041],[-47.5609,-13.1242],[-47.5626,-13.1838],[-47.4784,-13.1847],[-47.4867,-13.2198],[-47.4353,-13.2267],[-47.4541,-13.2494],[-47.4265,-13.289],[-47.3773,-13.2302],[-47.2817,-13.2645],[-47.2287,-13.1944],[-47.1824,-13.1877],[-47.1837,-13.204],[-47.1526,-13.2095],[-47.1322,-13.1781],[-47.0869,-13.182],[-47.0804,-13.1615],[-47.019,-13.1454],[-47.0,-13.1212],[-46.9784,-13.1311],[-46.8925,-13.0528],[-46.8545,-13.0665],[-46.8193,-13.002],[-46.7502,-12.9687],[-46.4542,-12.9707],[-46.4172,-12.823],[-46.3658,-12.8644],[-46.3634,-12.9908],[-46.1941,-12.9562],[-46.1139,-12.9175],[-46.1254,-12.961],[-46.2729,-13.0145],[-46.3222,-13.0979],[-46.2916,-13.1474],[-46.3094,-13.1575],[-46.3004,-13.1932],[-46.3307,-13.2491],[-46.2982,-13.2532],[-46.3155,-13.3027],[-46.2883,-13.3142],[-46.279,-13.3475],[-46.0634,-13.2609],[-46.0411,-13.2804],[-46.048,-13.3088],[-46.1332,-13.3752],[-46.2139,-13.4003],[-46.2425,-13.4295],[-46.2054,-13.4649],[-46.2298,-13.481],[-46.2182,-13.5001],[-46.2409,-13.5251],[-46.2351,-13.5625],[-46.1839,-13.5666],[-46.1615,-13.5905],[-46.2603,-13.6868],[-46.2359,-13.7078],[-46.2665,-13.7399],[-46.2367,-13.7444],[-46.2232,-13.769],[-46.282,-13.796],[-46.2622,-13.8081],[-46.2691,-13.8284],[-46.2341,-13.8485],[-46.2677,-13.9433],[-46.2208,-13.9724],[-46.2096,-14.0124],[-46.248,-14.0561],[-46.2248,-14.0692],[-46.2654,-14.0975],[-46.2018,-14.1192],[-46.1852,-14.1514],[-46.1177,-14.1599],[-46.0958,-14.205],[-46.0631,-14.1931],[-46.0606,-14.2321],[-45.9956,-14.2568],[-45.9949,-14.2785],[-45.9628,-14.2855],[-45.9425,-14.3423],[-45.9069,-14.3529],[-45.9349,-14.4149],[-45.9746,-14.4314],[-45.9984,-14.4289],[-46.008,-14.407],[-46.0164,-14.4189],[-46.0004,-14.4341],[-46.016,-14.469],[-45.9932,-14.4949],[-46.0038,-14.5154],[-45.9767,-14.5384],[-45.9949,-14.5423],[-45.9893,-14.6587],[-46.0242,-14.6647],[-46.0282,-14.6815],[-46.0019,-14.7128],[-46.0076,-14.7928],[-46.0524,-14.8309],[-46.037,-14.8736],[-46.0619,-14.9075],[-46.0791,-14.9045],[-46.0877,-14.9359],[-46.1453,-14.9261],[-46.161,-14.9057],[-46.176,-14.9486],[-46.224,-14.9413],[-46.2333,-14.9211],[-46.2864,-14.9277],[-46.3189,-14.9],[-46.3,-14.8576],[-46.3245,-14.8473],[-46.3218,-14.8141],[-46.4615,-14.7308],[-46.4684,-14.7084],[-46.5029,-14.704],[-46.5098,-14.7378],[-46.5655,-14.7859],[-46.5584,-14.8206],[-46.5211,-14.8507],[-46.5461,-14.925],[-46.5169,-14.9724],[-46.5304,-15.0048],[-46.5022,-15.0518],[-46.625,-15.0891],[-46.7814,-15.0189],[-46.8565,-15.0098],[-46.9243,-15.0579],[-46.8887,-15.1112],[-46.9405,-15.2292],[-46.9272,-15.2546],[-46.8918,-15.2349],[-46.8889,-15.2818],[-46.8365,-15.3221],[-46.869,-15.361],[-46.849,-15.3727],[-46.93,-15.4426],[-46.9487,-15.5541],[-46.8544,-15.6199],[-46.8552,-15.6817],[-46.8127,-15.7868],[-46.8117,-15.8851],[-47.0523,-15.9375],[-47.0866,-15.9604],[-47.1341,-15.9497],[-47.1415,-15.9262],[-47.2191,-16.0138],[-47.2761,-16.0057],[-47.3187,-16.0362],[-47.3754,-15.9862],[-47.3603,-15.9312],[-47.3758,-15.8803],[-47.3655,-15.8277],[-47.3137,-15.7468],[-47.3327,-15.6295],[-47.3154,-15.594],[-47.4173,-15.5464],[-47.4169,-15.4999],[-48.1972,-15.5005],[-48.1999,-15.6214],[-48.2325,-15.6387],[-48.2404,-15.7065],[-48.207,-15.7179],[-48.2056,-15.741],[-48.2866,-15.8427],[-48.2763,-15.9301],[-48.2515,-15.9426],[-48.2787,-16.0511],[-47.304,-16.0602],[-47.3516,-16.1315],[-47.322,-16.2309],[-47.3658,-16.331],[-47.4267,-16.3937],[-47.4581,-16.5018],[-47.444,-16.5403],[-47.4054,-16.5552],[-47.4124,-16.5754],[-47.3761,-16.5798],[-47.3757,-16.5988],[-47.3424,-16.5927],[-47.3339,-16.6167],[-47.3181,-16.6031],[-47.2768,-16.6596],[-47.2497,-16.6664],[-47.251,-16.705],[-47.2229,-16.7222],[-47.2355,-16.7549],[-47.2197,-16.8064],[-47.2117,-16.8274],[-47.1931,-16.8247],[-47.2089,-16.865],[-47.1963,-16.909],[-47.1598,-16.9216],[-47.1661,-16.9522],[-47.1262,-16.9801],[-47.1507,-16.9969],[-47.1313,-17.01],[-47.1465,-17.0303],[-47.1665,-17.047],[-47.184,-17.0355],[-47.1816,-17.0635],[-47.2293,-17.0892],[-47.2473,-17.0813],[-47.2815,-17.1144],[-47.2823,-17.1436],[-47.3515,-17.166],[-47.3397,-17.1869],[-47.3626,-17.186],[-47.3498,-17.196],[-47.3622,-17.2222],[-47.434,-17.2758],[-47.4213,-17.3155],[-47.4546,-17.3302],[-47.4403,-17.3472],[-47.4638,-17.355],[-47.5112,-17.3313],[-47.5141,-17.3743],[-47.5384,-17.3883],[-47.521,-17.4234],[-47.5407,-17.4538],[-47.5139,-17.4603],[-47.492,-17.526],[-47.4771,-17.5113],[-47.4532,-17.5367],[-47.3993,-17.5125],[-47.3305,-17.5244],[-47.2664,-17.6086],[-47.2809,-17.6528],[-47.27,-17.674],[-47.3132,-17.6986],[-47.3423,-17.744],[-47.3323,-17.7662],[-47.354,-17.7871],[-47.3516,-17.8147],[-47.3726,-17.8295],[-47.2828,-18.0578],[-47.3573,-18.0846],[-47.3554,-18.1046],[-47.4069,-18.1313],[-47.3964,-18.1414],[-47.4283,-18.1388],[-47.4296,-18.1653],[-47.4508,-18.1587],[-47.4845,-18.1931],[-47.5178,-18.1984],[-47.5333,-18.2302],[-47.5383,-18.1945],[-47.5671,-18.2034],[-47.6383,-18.2872],[-47.6108,-18.3149],[-47.6257,-18.3338],[-47.6571,-18.3273],[-47.7019,-18.3787],[-47.7401,-18.3634],[-47.7474,-18.4111],[-47.7786,-18.4237],[-47.8087,-18.4004],[-47.8294,-18.413],[-47.8315,-18.4493],[-47.8584,-18.4399],[-47.8677,-18.4739],[-47.9138,-18.4661],[-47.9545,-18.4998],[-47.9788,-18.4755],[-47.9805,-18.4424],[-48.006,-18.4539],[-48.0554,-18.4128],[-48.1142,-18.4261],[-48.1473,-18.4077],[-48.1609,-18.3718],[-48.2205,-18.3618],[-48.2619,-18.3314],[-48.3145,-18.3637],[-48.3132,-18.3844],[-48.3532,-18.3656],[-48.4032,-18.3707],[-48.4053,-18.3559],[-48.4452,-18.3548],[-48.4792,-18.3792],[-48.4843,-18.3532],[-48.5152,-18.366],[-48.5541,-18.3465],[-48.561,-18.3234],[-48.7553,-18.3439],[-48.8159,-18.3792],[-48.8316,-18.3457],[-48.9363,-18.3057],[-48.9955,-18.3705],[-49.0415,-18.376],[-49.0766,-18.4163],[-49.1121,-18.3997],[-49.1083,-18.3834],[-49.1577,-18.4134],[-49.2052,-18.4113],[-49.1926,-18.4473],[-49.2486,-18.5222],[-49.2839,-18.5366],[-49.2921,-18.5635],[-49.3298,-18.5651],[-49.3783,-18.6419],[-49.4163,-18.6381],[-49.4814,-18.5606],[-49.4924,-18.4961],[-49.5354,-18.4932],[-49.5576,-18.5459],[-49.6475,-18.5584],[-49.6396,-18.5998],[-49.6864,-18.5897],[-49.7698,-18.6123],[-49.7832,-18.6409],[-49.8813,-18.6096],[-49.9312,-18.6235],[-50.0161,-18.5994],[-50.0796,-18.6718],[-50.1638,-18.6639],[-50.3089,-18.698],[-50.3763,-18.8119],[-50.4207,-18.8307],[-50.4411,-18.8903],[-50.5087,-18.937],[-50.4983,-19.0336],[-50.537,-19.0989],[-50.5845,-19.1369],[-50.6772,-19.1392],[-50.6802,-19.1727],[-50.733,-19.1853],[-50.7472,-19.2354],[-50.8166,-19.2894],[-50.8749,-19.4224],[-50.8245,-19.4746],[-50.8417,-19.4987],[-50.9353,-19.4672],[-50.9848,-19.4309],[-50.9846,-19.4099],[-51.0302,-19.401],[-51.0175,-19.3834],[-51.0875,-19.3079],[-51.18,-19.2831],[-51.2027,-19.2606],[-51.2517,-19.2736],[-51.3074,-19.2375],[-51.3073,-19.2181],[-51.369,-19.2202],[-51.3746,-19.1942],[-51.42,-19.1661],[-51.4934,-19.1625],[-51.5774,-19.1278],[-51.6575,-19.1375],[-51.8152,-19.0547],[-51.8408,-19.0567],[-51.8423,-19.0418],[-51.8544,-19.0509],[-51.9398,-18.9675],[-52.0151,-18.9823],[-52.0447,-18.95],[-52.0809,-18.9504],[-52.1112,-18.8988],[-52.1567,-18.888],[-52.181,-18.8475],[-52.3336,-18.8278],[-52.4486,-18.6905],[-52.5525,-18.6565],[-52.5924,-18.6894],[-52.7491,-18.6903],[-52.9161,-18.6387],[-52.9618,-18.5404],[-52.8805,-18.465],[-52.8733,-18.4277],[-52.798,-18.4144],[-52.7584,-18.3483],[-52.8209,-18.3106],[-52.9489,-18.2961],[-53.0293,-18.3508],[-53.0694,-18.3424],[-53.1007,-18.3097],[-53.1427,-18.0814],[-53.0752,-18.0503],[-53.0696,-17.9861],[-53.1309,-17.9164],[-53.1359,-17.8366],[-53.1681,-17.7658],[-53.2378,-17.7137],[-53.2462,-17.5319],[-53.2298,-17.4268],[-53.197,-17.3809],[-53.2181,-17.2989],[-53.1186,-17.1128],[-53.0555,-17.0699],[-53.072,-17.0501],[-53.0547,-16.963],[-53.0108,-16.8576],[-52.9501,-16.86],[-52.9525,-16.8415],[-52.9266,-16.8406],[-52.9439,-16.8127],[-52.9321,-16.8024],[-52.9072,-16.8098],[-52.8818,-16.7757],[-52.8308,-16.7708],[-52.7855,-16.7407],[-52.7792,-16.7075],[-52.7613,-16.7058],[-52.7547,-16.6718],[-52.7708,-16.6681],[-52.7399,-16.6564],[-52.7464,-16.6303],[-52.7152,-16.6388],[-52.739,-16.5894],[-52.7063,-16.5978],[-52.7036,-16.5708],[-52.675,-16.5845],[-52.6597,-16.5699],[-52.6681,-16.5501],[-52.6508,-16.561],[-52.6257,-16.533],[-52.6371,-16.5025],[-52.6121,-16.5017],[-52.6039,-16.4642],[-52.6202,-16.4644],[-52.643,-16.4123],[-52.6879,-16.3959],[-52.6811,-16.3034],[-52.5759,-16.2495],[-52.5468,-16.2608],[-52.5688,-16.2303],[-52.5452,-16.2229],[-52.5481,-16.1647],[-52.525,-16.1401],[-52.3273,-16.0682],[-52.2522,-15.8927],[-52.0076,-15.885],[-51.9463,-15.8101],[-51.8791,-15.825],[-51.7625,-15.6452],[-51.7532,-15.6097],[-51.7758,-15.5372],[-51.7273,-15.5502],[-51.735,-15.5104],[-51.6995,-15.4841],[-51.6971,-15.4096],[-51.6709,-15.3713],[-51.6878,-15.3084],[-51.6465,-15.2675],[-51.6675,-15.2459],[-51.6516,-15.1794],[-51.5978,-15.155],[-51.5355,-15.0693],[-51.4773,-15.0563],[-51.4257,-15.0076],[-51.3763,-15.0124],[-51.3373,-14.9729],[-51.3014,-14.9865],[-51.29,-15.0339],[-51.2421,-15.035],[-51.1497,-14.9826],[-51.1328,-14.9419],[-51.0855,-14.9173],[-51.0893,-14.8407],[-51.0437,-14.7927],[-51.0535,-14.7462],[-50.9624,-14.5266],[-50.9986,-14.4188],[-50.9688,-14.3335],[-50.9748,-14.2904],[-50.9129,-14.1694],[-50.917,-14.1144],[-50.8686,-14.1252],[-50.8332,-14.0894],[-50.8651,-13.9798],[-50.8408,-13.9268],[-50.841,-13.8625],[-50.8713,-13.7327],[-50.8035,-13.6905],[-50.763,-13.5296],[-50.665,-13.4419],[-50.6652,-13.3757],[-50.6067,-13.3104],[-50.5842,-13.2232],[-50.6027,-13.1938],[-50.5898,-13.1092],[-50.6103,-13.0626],[-50.5687,-13.0387],[-50.5925,-13.0024],[-50.5564,-13.002],[-50.5255,-12.976],[-50.5106,-12.8603],[-50.4844,-12.8115],[-50.4934,-12.7852],[-50.4681,-12.755],[-50.4855,-12.7481],[-50.4678,-12.7357],[-50.4776,-12.7095],[-50.4349,-12.6939],[-50.4284,-12.652],[-50.4404,-12.6528],[-50.4112,-12.6458],[-50.4182,-12.6242],[-50.392,-12.6115],[-50.3655,-12.5456],[-50.3317,-12.5357],[-50.3298,-12.5146],[-50.3137,-12.5211],[-50.3239,-12.5076],[-50.283,-12.4793],[-50.2071,-12.4484],[-50.2119,-12.4367],[-50.1837,-12.4299],[-50.1961,-12.4129],[-50.1746,-12.4233],[-50.1422,-12.3955],[-50.1578,-12.412]]]]}},{"type":"Feature","properties":{"id":"ma","nome":"Maranhão","sigla":"MA"},"geometry":{"type":"MultiPolygon","coordinates":[[[[-47.031,-8.9855],[-46.9699,-8.9141],[-46.9921,-8.879],[-46.913,-8.8474],[-46.9022,-8.7905],[-46.9309,-8.7264],[-46.8865,-8.6861],[-46.916,-8.648],[-46.8973,-8.6006],[-46.916,-8.5954],[-46.8467,-8.5327],[-46.8504,-8.477],[-46.7961,-8.4462],[-46.8064,-8.3986],[-46.7866,-8.3987],[-46.782,-8.3677],[-46.7322,-8.3853],[-46.7064,-8.3511],[-46.6348,-8.3189],[-46.5442,-8.3189],[-46.5072,-8.2704],[-46.4871,-8.1995],[-46.5142,-8.1667],[-46.4662,-8.0658],[-46.4917,-7.9813],[-46.6042,-7.8958],[-46.7557,-7.922],[-46.783,-7.951],[-46.8395,-7.9651],[-46.8723,-7.9552],[-46.8958,-7.9865],[-46.9179,-7.9814],[-46.953,-8.0063],[-46.997,-8.0668],[-47.0431,-8.0532],[-47.0619,-8.0047],[-47.1061,-7.9904],[-47.1068,-7.9366],[-47.1407,-7.9249],[-47.1741,-7.8559],[-47.2439,-7.8149],[-47.2458,-7.7581],[-47.2663,-7.7609],[-47.2731,-7.7306],[-47.3127,-7.7304],[-47.3021,-7.6887],[-47.3311,-7.6848],[-47.3373,-7.6666],[-47.3138,-7.6602],[-47.3578,-7.6167],[-47.3724,-7.625],[-47.3518,-7.6465],[-47.3815,-7.6537],[-47.3817,-7.5996],[-47.4068,-7.5634],[-47.4382,-7.5562],[-47.4273,-7.5254],[-47.4748,-7.533],[-47.5043,-7.4362],[-47.5904,-7.4392],[-47.4854,-7.3667],[-47.4774,-7.336],[-47.4994,-7.2935],[-47.5415,-7.2653],[-47.5887,-7.2637],[-47.6481,-7.303],[-47.6906,-7.2379],[-47.7458,-7.2008],[-47.7447,-7.1621],[-47.7159,-7.1414],[-47.644,-7.1432],[-47.5295,-6.9761],[-47.5055,-6.8972],[-47.5282,-6.83],[-47.4937,-6.7545],[-47.4982,-6.6708],[-47.4629,-6.604],[-47.4561,-6.5379],[-47.4164,-6.4847],[-47.431,-6.425],[-47.3784,-6.2705],[-47.431,-6.1199],[-47.4281,-6.0376],[-47.4475,-5.9925],[-47.4306,-5.8688],[-47.4929,-5.7302],[-47.4733,-5.6616],[-47.4997,-5.5252],[-47.5549,-5.4654],[-47.6182,-5.4594],[-47.7418,-5.3809],[-47.8433,-5.3758],[-47.8851,-5.2603],[-48.0058,-5.235],[-48.0788,-5.2747],[-48.1781,-5.2604],[-48.3635,-5.168],[-48.5386,-5.2045],[-48.6057,-5.3361],[-48.679,-5.3055],[-48.7131,-5.3523],[-48.7547,-5.3488],[-48.4337,-5.0959],[-48.4342,-5.0763],[-48.3958,-5.07],[-47.7895,-4.5851],[-47.6795,-4.6082],[-47.6107,-4.556],[-47.5021,-4.4035],[-47.473,-4.3141],[-47.3721,-4.2445],[-47.3792,-4.2201],[-47.365,-4.1793],[-47.3418,-4.177],[-47.3503,-4.1163],[-47.3185,-4.0466],[-47.2939,-4.0525],[-47.2359,-3.994],[-47.1932,-3.9776],[-47.1697,-3.9215],[-47.0877,-3.8551],[-47.0517,-3.681],[-47.0361,-3.6711],[-47.0558,-3.6462],[-47.0297,-3.6001],[-47.0374,-3.5625],[-46.9766,-3.5257],[-46.9689,-3.4735],[-46.9485,-3.4769],[-46.9421,-3.3749],[-46.813,-3.3092],[-46.8274,-3.2922],[-46.8091,-3.2789],[-46.8236,-3.2689],[-46.8036,-3.2634],[-46.807,-3.2415],[-46.7557,-3.2157],[-46.7733,-3.1754],[-46.752,-3.1869],[-46.7234,-3.1508],[-46.7474,-3.1205],[-46.7193,-3.1085],[-46.7101,-3.128],[-46.7064,-3.0978],[-46.6794,-3.0932],[-46.6722,-2.9969],[-46.6517,-2.9962],[-46.6614,-2.9728],[-46.6475,-2.9714],[-46.6712,-2.9468],[-46.6534,-2.9307],[-46.6792,-2.8814],[-46.6404,-2.8809],[-46.64,-2.8526],[-46.61,-2.8546],[-46.6135,-2.8286],[-46.5754,-2.841],[-46.6019,-2.7888],[-46.6362,-2.7933],[-46.6355,-2.7542],[-46.6698,-2.7304],[-46.6635,-2.6938],[-46.6356,-2.6861],[-46.6215,-2.6442],[-46.6056,-2.6388],[-46.5933,-2.665],[-46.5744,-2.6284],[-46.5046,-2.6146],[-46.4917,-2.5354],[-46.416,-2.5291],[-46.4353,-2.51],[-46.4396,-2.4125],[-46.4084,-2.3698],[-46.4266,-2.359],[-46.4539,-2.3833],[-46.4644,-2.371],[-46.4214,-2.2892],[-46.4319,-2.2395],[-46.3761,-2.247],[-46.2802,-2.1526],[-46.2966,-2.1429],[-46.2685,-2.1115],[-46.273,-2.0584],[-46.2182,-1.9129],[-46.2255,-1.8813],[-46.2422,-1.881],[-46.2096,-1.8335],[-46.2289,-1.8003],[-46.3066,-1.8039],[-46.3236,-1.7652],[-46.3047,-1.7274],[-46.2178,-1.7267],[-46.1532,-1.6756],[-46.1596,-1.6242],[-46.1316,-1.5785],[-46.1421,-1.5209],[-46.1762,-1.475],[-46.1391,-1.4441],[-46.1556,-1.4212],[-46.1038,-1.3366],[-46.1289,-1.3337],[-46.1625,-1.278],[-46.1403,-1.2492],[-46.1507,-1.2244],[-46.1124,-1.1965],[-46.0767,-1.1959],[-46.0559,-1.1312],[-46.0399,-1.1726],[-46.0456,-1.1208],[-46.0151,-1.0648],[-45.9991,-1.0893],[-45.9871,-1.0463],[-45.9647,-1.0463],[-45.9789,-1.0666],[-45.9579,-1.0848],[-45.9882,-1.0898],[-45.9703,-1.0869],[-45.9816,-1.1221],[-45.9611,-1.1078],[-45.9524,-1.1232],[-45.9898,-1.1378],[-45.9939,-1.1621],[-45.9418,-1.1382],[-45.9481,-1.2383],[-45.875,-1.0973],[-45.8863,-1.0918],[-45.8576,-1.0704],[-45.8712,-1.0608],[-45.8459,-1.0451],[-45.8387,-1.1008],[-45.9079,-1.1763],[-45.9017,-1.1931],[-45.8845,-1.1546],[-45.8614,-1.1512],[-45.8771,-1.1716],[-45.8608,-1.1672],[-45.8653,-1.2016],[-45.9043,-1.2226],[-45.8471,-1.209],[-45.8798,-1.2599],[-45.8568,-1.2527],[-45.8598,-1.2836],[-45.831,-1.1934],[-45.8121,-1.2183],[-45.8141,-1.1662],[-45.7882,-1.1671],[-45.7952,-1.2218],[-45.8391,-1.2835],[-45.8014,-1.2497],[-45.7796,-1.2646],[-45.797,-1.2769],[-45.7761,-1.2748],[-45.7844,-1.2441],[-45.729,-1.149],[-45.736,-1.1344],[-45.6796,-1.1378],[-45.7456,-1.237],[-45.719,-1.2313],[-45.6948,-1.2676],[-45.6994,-1.3085],[-45.7296,-1.3459],[-45.6976,-1.3129],[-45.6776,-1.3444],[-45.7388,-1.3822],[-45.7003,-1.3581],[-45.7187,-1.4037],[-45.6858,-1.3969],[-45.6932,-1.3699],[-45.6287,-1.3654],[-45.6136,-1.2781],[-45.5799,-1.2571],[-45.5884,-1.3074],[-45.5266,-1.2667],[-45.5426,-1.3033],[-45.5533,-1.2928],[-45.551,-1.3508],[-45.5517,-1.3333],[-45.537,-1.3382],[-45.5006,-1.2936],[-45.5185,-1.4118],[-45.4763,-1.337],[-45.4905,-1.3795],[-45.4659,-1.3496],[-45.4652,-1.3194],[-45.4097,-1.2893],[-45.4104,-1.3434],[-45.4672,-1.3731],[-45.4761,-1.4339],[-45.4881,-1.4313],[-45.4729,-1.4464],[-45.4842,-1.4753],[-45.4499,-1.5172],[-45.4873,-1.53],[-45.4432,-1.5427],[-45.4602,-1.482],[-45.4481,-1.4486],[-45.416,-1.4153],[-45.4281,-1.4649],[-45.4048,-1.4869],[-45.4229,-1.4653],[-45.4084,-1.4337],[-45.4057,-1.4577],[-45.3945,-1.4472],[-45.4019,-1.4218],[-45.384,-1.4251],[-45.3647,-1.3812],[-45.3471,-1.3927],[-45.3647,-1.3765],[-45.3726,-1.3912],[-45.3712,-1.3625],[-45.3491,-1.3416],[-45.3388,-1.3498],[-45.3542,-1.3566],[-45.3292,-1.3613],[-45.3551,-1.3142],[-45.3171,-1.3178],[-45.2926,-1.4213],[-45.3155,-1.4114],[-45.3002,-1.4222],[-45.313,-1.4401],[-45.3879,-1.4814],[-45.3792,-1.5144],[-45.3842,-1.4846],[-45.3453,-1.4695],[-45.3744,-1.549],[-45.3372,-1.4746],[-45.327,-1.5167],[-45.3218,-1.4734],[-45.2977,-1.4942],[-45.3407,-1.6245],[-45.3523,-1.6152],[-45.3406,-1.6288],[-45.3547,-1.6669],[-45.3748,-1.6771],[-45.3716,-1.7007],[-45.3574,-1.6793],[-45.3524,-1.7363],[-45.3384,-1.7324],[-45.309,-1.6003],[-45.2914,-1.5925],[-45.2781,-1.6188],[-45.2476,-1.6223],[-45.2338,-1.5486],[-45.1963,-1.5137],[-45.1801,-1.5234],[-45.1432,-1.4627],[-45.1274,-1.5075],[-45.1453,-1.5226],[-45.1262,-1.5115],[-45.1286,-1.5291],[-45.1297,-1.4591],[-45.1015,-1.4086],[-45.1136,-1.3854],[-45.101,-1.3602],[-45.0981,-1.5117],[-45.0999,-1.4789],[-45.0779,-1.487],[-45.0656,-1.4548],[-45.0783,-1.5184],[-45.0538,-1.478],[-45.0395,-1.4998],[-45.0042,-1.4814],[-44.9582,-1.5148],[-44.9454,-1.4764],[-44.9426,-1.517],[-44.9464,-1.4915],[-44.9044,-1.4898],[-44.9205,-1.4794],[-44.8806,-1.4432],[-44.869,-1.4577],[-44.8641,-1.4214],[-44.8156,-1.418],[-44.8345,-1.4483],[-44.8279,-1.4876],[-44.8432,-1.4836],[-44.8404,-1.4581],[-44.8464,-1.4885],[-44.8792,-1.4817],[-44.8518,-1.4922],[-44.8753,-1.4981],[-44.88,-1.5396],[-44.9066,-1.5477],[-44.8976,-1.6134],[-44.8663,-1.6028],[-44.8455,-1.6239],[-44.8211,-1.575],[-44.7774,-1.6244],[-44.7978,-1.6592],[-44.7722,-1.6307],[-44.7843,-1.5825],[-44.759,-1.5619],[-44.7697,-1.6109],[-44.7573,-1.6255],[-44.7474,-1.5878],[-44.7137,-1.5587],[-44.7014,-1.57],[-44.6979,-1.5529],[-44.7194,-1.6124],[-44.7022,-1.5904],[-44.6918,-1.5995],[-44.6777,-1.5639],[-44.6423,-1.6239],[-44.6569,-1.666],[-44.6999,-1.641],[-44.7449,-1.6468],[-44.76,-1.6812],[-44.7839,-1.6706],[-44.7933,-1.6844],[-44.7799,-1.6753],[-44.7734,-1.6923],[-44.8044,-1.7043],[-44.7548,-1.735],[-44.7874,-1.7499],[-44.7555,-1.7435],[-44.7723,-1.7107],[-44.7011,-1.719],[-44.6968,-1.7376],[-44.8137,-1.8145],[-44.7164,-1.7825],[-44.7592,-1.818],[-44.7103,-1.8023],[-44.6963,-1.7723],[-44.6638,-1.7671],[-44.6596,-1.7434],[-44.6736,-1.801],[-44.6466,-1.7643],[-44.6476,-1.7907],[-44.6381,-1.7353],[-44.6547,-1.7205],[-44.5934,-1.7437],[-44.6364,-1.7952],[-44.6328,-1.8288],[-44.5955,-1.8497],[-44.6391,-1.8574],[-44.5834,-1.8595],[-44.5937,-1.8133],[-44.5698,-1.7971],[-44.5609,-1.8396],[-44.5791,-1.8592],[-44.5454,-1.8212],[-44.5295,-1.8379],[-44.5475,-1.8699],[-44.5992,-1.897],[-44.5738,-1.8943],[-44.5714,-1.9149],[-44.546,-1.8898],[-44.5282,-1.9087],[-44.5228,-1.882],[-44.4875,-1.9449],[-44.4875,-1.9666],[-44.5186,-1.9542],[-44.4868,-1.9751],[-44.4963,-2.0074],[-44.4656,-2.0157],[-44.4999,-2.0534],[-44.4992,-2.1414],[-44.4604,-2.1443],[-44.4336,-2.1671],[-44.4388,-2.1907],[-44.3956,-2.2132],[-44.4144,-2.2279],[-44.3926,-2.2227],[-44.3895,-2.2748],[-44.3555,-2.3388],[-44.3853,-2.4074],[-44.4124,-2.4127],[-44.3256,-2.4997],[-44.1785,-2.4593],[-44.1007,-2.4111],[-44.0803,-2.4248],[-44.0923,-2.4064],[-44.0224,-2.3979],[-44.0219,-2.4499],[-44.0724,-2.4362],[-44.0656,-2.4489],[-44.1012,-2.4643],[-44.0587,-2.4607],[-44.0765,-2.4652],[-44.0618,-2.4826],[-44.0312,-2.4638],[-43.9584,-2.4819],[-43.9996,-2.5783],[-43.9801,-2.5728],[-43.8566,-2.3893],[-43.7883,-2.3421],[-43.7474,-2.373],[-43.7607,-2.3546],[-43.7282,-2.2876],[-43.6148,-2.219],[-43.5653,-2.2466],[-43.4915,-2.3712],[-43.4527,-2.3362],[-43.3797,-2.3248],[-43.1848,-2.3732],[-42.7928,-2.5597],[-42.7442,-2.5574],[-42.7367,-2.5784],[-42.6988,-2.5908],[-42.6947,-2.6477],[-42.693,-2.5865],[-42.7411,-2.5556],[-42.7104,-2.5569],[-42.5977,-2.6596],[-42.544,-2.6869],[-42.5041,-2.6799],[-42.4787,-2.7117],[-42.4837,-2.6921],[-42.3684,-2.7103],[-42.3238,-2.6835],[-42.2744,-2.6943],[-42.2278,-2.6668],[-42.2124,-2.7013],[-42.2117,-2.6837],[-42.0502,-2.6888],[-42.0241,-2.7583],[-42.0059,-2.7147],[-41.8234,-2.7189],[-41.8137,-2.739],[-41.8487,-2.7732],[-41.8407,-2.8182],[-41.8612,-2.831],[-41.8651,-2.8745],[-41.7964,-2.9662],[-41.8239,-3.0241],[-41.9224,-3.1076],[-41.9387,-3.187],[-41.9641,-3.1786],[-42.0099,-3.246],[-42.1154,-3.262],[-42.1322,-3.2897],[-42.1019,-3.2944],[-42.0997,-3.311],[-42.1219,-3.3215],[-42.1518,-3.3871],[-42.19,-3.3952],[-42.204,-3.4354],[-42.2984,-3.4526],[-42.3304,-3.4335],[-42.3923,-3.4472],[-42.4093,-3.4749],[-42.4319,-3.4543],[-42.4583,-3.4853],[-42.498,-3.4474],[-42.5721,-3.5691],[-42.6093,-3.5858],[-42.6754,-3.6752],[-42.6828,-3.763],[-42.6683,-3.7905],[-42.7258,-3.9096],[-42.7847,-3.9576],[-42.7975,-3.9962],[-42.8233,-3.9918],[-42.8625,-4.0925],[-42.9027,-4.124],[-42.8879,-4.1551],[-42.9356,-4.1614],[-42.9888,-4.2337],[-42.9629,-4.376],[-42.8873,-4.4114],[-42.876,-4.4637],[-42.8501,-4.481],[-42.8743,-4.5817],[-42.9542,-4.6891],[-42.9203,-4.736],[-42.9494,-4.7903],[-42.8971,-4.8423],[-42.8959,-4.8875],[-42.8544,-4.9366],[-42.8592,-4.9819],[-42.7976,-5.1828],[-42.8271,-5.2334],[-42.812,-5.2818],[-42.8259,-5.3466],[-42.9621,-5.4461],[-43.0342,-5.5919],[-43.0803,-5.5995],[-43.0986,-5.6328],[-43.0823,-5.6469],[-43.0772,-5.7312],[-43.1009,-5.7651],[-43.0963,-5.8296],[-43.0772,-5.8648],[-43.099,-5.9007],[-43.0813,-5.9608],[-43.0494,-5.9934],[-43.0746,-6.0543],[-43.0496,-6.0994],[-42.9821,-6.1291],[-42.9682,-6.1779],[-42.8667,-6.2343],[-42.8466,-6.2821],[-42.8598,-6.3302],[-42.8289,-6.337],[-42.8774,-6.4175],[-42.8674,-6.4845],[-42.8851,-6.505],[-42.8714,-6.5116],[-42.9194,-6.6699],[-43.0008,-6.7541],[-43.0817,-6.7477],[-43.1456,-6.7827],[-43.2443,-6.766],[-43.2783,-6.7962],[-43.3486,-6.7977],[-43.4196,-6.8434],[-43.4816,-6.8347],[-43.5604,-6.7495],[-43.584,-6.7571],[-43.6371,-6.7192],[-43.7156,-6.6988],[-43.7744,-6.7146],[-43.795,-6.7025],[-43.9281,-6.7711],[-43.9608,-6.7415],[-44.033,-6.76],[-44.053,-6.7679],[-44.0693,-6.821],[-44.1139,-6.8047],[-44.1028,-6.8528],[-44.1195,-6.8324],[-44.2355,-6.9984],[-44.2616,-6.9983],[-44.2748,-7.069],[-44.3058,-7.1168],[-44.3796,-7.1186],[-44.5004,-7.1843],[-44.5246,-7.2204],[-44.5637,-7.2271],[-44.6163,-7.3075],[-44.6629,-7.3314],[-44.6876,-7.3941],[-44.7295,-7.3907],[-44.7426,-7.3618],[-44.7805,-7.3778],[-44.8163,-7.3608],[-44.8685,-7.4219],[-44.901,-7.4256],[-44.924,-7.4699],[-45.0445,-7.5108],[-45.155,-7.5131],[-45.2177,-7.5675],[-45.2327,-7.5495],[-45.261,-7.5705],[-45.3394,-7.5799],[-45.3732,-7.6184],[-45.3937,-7.6126],[-45.4348,-7.6753],[-45.4556,-7.6703],[-45.4818,-7.751],[-45.4961,-7.7499],[-45.4895,-7.7861],[-45.54,-7.8643],[-45.5204,-7.8877],[-45.5426,-7.8973],[-45.5232,-7.9118],[-45.5557,-7.9539],[-45.5447,-7.9603],[-45.5667,-7.9967],[-45.5494,-8.0141],[-45.5759,-8.0287],[-45.561,-8.0475],[-45.5831,-8.0979],[-45.581,-8.1557],[-45.6611,-8.2496],[-45.6871,-8.3552],[-45.7313,-8.4152],[-45.7609,-8.5614],[-45.7934,-8.584],[-45.7652,-8.6092],[-45.8151,-8.6328],[-45.8395,-8.7149],[-45.8642,-8.7155],[-45.8912,-8.7624],[-45.9346,-8.7787],[-45.9603,-8.8185],[-45.9451,-8.84],[-45.9939,-8.9265],[-45.943,-9.0149],[-45.9277,-9.1375],[-45.8967,-9.1861],[-45.9066,-9.2976],[-45.8933,-9.3418],[-45.8237,-9.3745],[-45.7834,-9.4797],[-45.841,-9.5619],[-45.8195,-9.618],[-45.8376,-9.696],[-45.821,-9.7727],[-45.8659,-9.8703],[-45.8419,-9.9411],[-45.8798,-10.0582],[-45.8781,-10.1099],[-45.9549,-10.218],[-45.946,-10.2582],[-46.0031,-10.2605],[-46.0279,-10.1765],[-46.0993,-10.2125],[-46.1642,-10.2125],[-46.2105,-10.1693],[-46.3271,-10.1833],[-46.3675,-10.1684],[-46.3835,-10.12],[-46.456,-10.0495],[-46.4772,-9.9879],[-46.4725,-9.877],[-46.4912,-9.8697],[-46.4932,-9.827],[-46.5117,-9.7986],[-46.5766,-9.8048],[-46.5757,-9.7576],[-46.647,-9.7299],[-46.6529,-9.693],[-46.6126,-9.6654],[-46.5911,-9.5866],[-46.5374,-9.5574],[-46.5753,-9.5171],[-46.5605,-9.4836],[-46.6272,-9.4653],[-46.6491,-9.4437],[-46.6324,-9.4112],[-46.6655,-9.3915],[-46.7629,-9.4085],[-46.7679,-9.3651],[-46.8125,-9.3055],[-46.8466,-9.292],[-46.8185,-9.2597],[-46.8224,-9.1986],[-46.8503,-9.1914],[-46.852,-9.154],[-46.8941,-9.1226],[-46.9259,-9.1345],[-46.9222,-9.0663],[-47.0069,-9.0818],[-47.0683,-9.0635],[-47.0431,-9.0261],[-47.0681,-9.0116],[-47.031,-8.9855]],[[-44.8134,-1.8021],[-44.807,-1.807],[-44.8101,-1.8015],[-44.8134,-1.8021]],[[-44.5693,-1.9197],[-44.561,-1.9227],[-44.5663,-1.9177],[-44.5693,-1.9197]],[[-45.7467,-1.372],[-45.7539,-1.3783],[-45.744,-1.3744],[-45.7467,-1.372]],[[-45.8875,-1.1804],[-45.8847,-1.1834],[-45.8779,-1.1781],[-45.8875,-1.1804]],[[-45.8224,-1.3106],[-45.8199,-1.3123],[-45.8196,-1.3036],[-45.8194,-1.2979],[-45.8203,-1.3017],[-45.8224,-1.3106]],[[-44.6933,-1.8163],[-44.6877,-1.8076],[-44.6923,-1.8075],[-44.6933,-1.8163]],[[-45.3898,-1.6898],[-45.3965,-1.694],[-45.388,-1.6923],[-45.3874,-1.6799],[-45.3898,-1.6898]],[[-44.801,-1.6263],[-44.7942,-1.6259],[-44.7904,-1.6181],[-44.801,-1.6263]],[[-45.1278,-1.544],[-45.1226,-1.5463],[-45.1127,-1.544],[-45.1154,-1.5419],[-45.1226,-1.5463],[-45.1239,-1.5433],[-45.1268,-1.5396],[-45.1278,-1.544]],[[-45.823,-1.2486],[-45.8139,-1.2272],[-45.8225,-1.2414],[-45.823,-1.2486]],[[-45.5757,-1.3357],[-45.5724,-1.34],[-45.5707,-1.3296],[-45.5736,-1.3293],[-45.5757,-1.3357]],[[-45.7995,-1.3315],[-45.8023,-1.3383],[-45.8008,-1.3441],[-45.7983,-1.3331],[-45.7959,-1.3229],[-45.7995,-1.3315]],[[-44.8342,-1.8226],[-44.8457,-1.8284],[-44.8202,-1.8222],[-44.8342,-1.8226]],[[-45.3686,-1.4364],[-45.3671,-1.4248],[-45.36,-1.4278],[-45.3616,-1.4249],[-45.3671,-1.4248],[-45.3775,-1.4219],[-45.3705,-1.4262],[-45.3686,-1.4364]],[[-45.9054,-1.2403],[-45.9046,-1.246],[-45.9054,-1.253],[-45.9031,-1.2596],[-45.9037,-1.2503],[-45.897,-1.2395],[-45.9054,-1.2403]],[[-45.5948,-1.3392],[-45.5874,-1.332],[-45.5846,-1.3249],[-45.5882,-1.3117],[-45.5889,-1.3233],[-45.5887,-1.3282],[-45.5948,-1.3392]],[[-45.3924,-1.5645],[-45.3887,-1.5414],[-45.3794,-1.5398],[-45.3838,-1.5371],[-45.3887,-1.5414],[-45.3917,-1.543],[-45.3938,-1.555],[-45.3956,-1.5622],[-45.3992,-1.5665],[-45.3984,-1.5745],[-45.3924,-1.5645]]],[[[-44.9708,-1.3444],[-44.9645,-1.3269],[-44.9416,-1.3422],[-44.9579,-1.3092],[-44.985,-1.3031],[-44.9634,-1.2776],[-44.9227,-1.3039],[-44.9256,-1.2779],[-44.8816,-1.2848],[-44.8423,-1.334],[-44.8755,-1.3553],[-44.8696,-1.3265],[-44.901,-1.331],[-44.8886,-1.3359],[-44.9104,-1.3479],[-44.8872,-1.3457],[-44.9828,-1.4093],[-45.012,-1.387],[-45.0176,-1.355],[-45.0009,-1.3414],[-45.028,-1.3386],[-45.0051,-1.3199],[-44.9707,-1.3355],[-44.9762,-1.3705],[-44.9708,-1.3444]],[[-44.9243,-1.3393],[-44.9242,-1.3458],[-44.9219,-1.3432],[-44.9243,-1.3393]],[[-44.9093,-1.3254],[-44.9,-1.3118],[-44.9157,-1.3037],[-44.9093,-1.3254]]],[[[-45.678,-1.3002],[-45.6842,-1.2695],[-45.6567,-1.2542],[-45.6425,-1.2738],[-45.6544,-1.2894],[-45.638,-1.2747],[-45.6155,-1.1156],[-45.6023,-1.1642],[-45.6323,-1.22],[-45.6411,-1.3557],[-45.6961,-1.3617],[-45.6727,-1.3455],[-45.687,-1.3307],[-45.678,-1.3002]],[[-45.6594,-1.297],[-45.6576,-1.3012],[-45.6546,-1.3081],[-45.6533,-1.3111],[-45.6512,-1.3086],[-45.6583,-1.2911],[-45.6594,-1.297]]],[[[-44.8018,-1.5292],[-44.7836,-1.5373],[-44.8035,-1.5647],[-44.8283,-1.5409],[-44.7634,-1.4839],[-44.8018,-1.5292]]],[[[-44.7744,-1.5272],[-44.7719,-1.462],[-44.753,-1.4578],[-44.7367,-1.5116],[-44.7744,-1.5272]]],[[[-45.6852,-1.1961],[-45.6579,-1.2217],[-45.683,-1.2617],[-45.6995,-1.234],[-45.6883,-1.2007],[-45.675,-1.216],[-45.6852,-1.1961]]],[[[-45.5419,-1.195],[-45.5241,-1.2234],[-45.5929,-1.2463],[-45.5591,-1.2115],[-45.57,-1.1898],[-45.5419,-1.195]]],[[[-44.6172,-1.7913],[-44.5931,-1.7684],[-44.576,-1.7796],[-44.6025,-1.8162],[-44.6162,-1.8179],[-44.6172,-1.7913]]],[[[-44.7288,-1.5621],[-44.7555,-1.5829],[-44.7426,-1.5376],[-44.7202,-1.5512],[-44.7288,-1.5621]]],[[[-45.7984,-1.1266],[-45.8166,-1.1476],[-45.8166,-1.1214],[-45.7984,-1.1266]]],[[[-45.7942,-1.1883],[-45.7764,-1.1962],[-45.7859,-1.2276],[-45.7942,-1.1883]]],[[[-45.5576,-1.3289],[-45.5352,-1.3026],[-45.5339,-1.3269],[-45.5576,-1.3289]]],[[[-45.09,-1.4192],[-45.093,-1.4315],[-45.0686,-1.3675],[-45.09,-1.4192]]],[[[-45.0969,-1.4682],[-45.0889,-1.4507],[-45.0687,-1.466],[-45.0969,-1.4682]]],[[[-45.0361,-1.3904],[-45.0417,-1.3868],[-45.045,-1.3632],[-45.0488,-1.349],[-45.0455,-1.3453],[-45.0431,-1.3426],[-45.0423,-1.3462],[-45.041,-1.3514],[-45.0378,-1.365],[-45.0328,-1.3863],[-45.0361,-1.3904]]],[[[-44.7492,-1.692],[-44.7348,-1.6822],[-44.7302,-1.6872],[-44.7258,-1.692],[-44.7408,-1.701],[-44.7519,-1.6938],[-44.7492,-1.692]]],[[[-45.6851,-1.2968],[-45.676,-1.3138],[-45.6837,-1.3138],[-45.6869,-1.3089],[-45.6926,-1.3048],[-45.6906,-1.288],[-45.6851,-1.2968]]],[[[-44.4684,-2.0759],[-44.4822,-2.0751],[-44.444,-2.0575],[-44.4684,-2.0759]]],[[[-44.4802,-2.1061],[-44.4634,-2.1008],[-44.4723,-2.1249],[-44.4802,-2.1061]]],[[[-45.3976,-1.3954],[-45.3973,-1.4042],[-45.3972,-1.4066],[-45.4064,-1.4183],[-45.4091,-1.414],[-45.4101,-1.4125],[-45.4126,-1.4087],[-45.4062,-1.3964],[-45.403,-1.3938],[-45.3976,-1.3954]]],[[[-45.0717,-1.4463],[-45.0702,-1.4531],[-45.0786,-1.4395],[-45.0704,-1.424],[-45.0651,-1.427],[-45.0615,-1.4396],[-45.0651,-1.4377],[-45.0721,-1.4401],[-45.0631,-1.4441],[-45.0683,-1.4455],[-45.0717,-1.4463]]],[[[-44.7228,-1.6619],[-44.7227,-1.6769],[-44.7374,-1.6726],[-44.7228,-1.6619]]],[[[-44.4451,-2.0251],[-44.4571,-2.0297],[-44.4458,-2.0076],[-44.4451,-2.0251]]],[[[-44.6226,-1.8121],[-44.6227,-1.8184],[-44.6245,-1.8145],[-44.6294,-1.804],[-44.6309,-1.8006],[-44.6329,-1.7963],[-44.6317,-1.7925],[-44.6304,-1.7881],[-44.6222,-1.7979],[-44.6226,-1.8121]]],[[[-45.0892,-1.4317],[-45.0871,-1.4217],[-45.083,-1.4203],[-45.0791,-1.419],[-45.0822,-1.4414],[-45.0849,-1.4397],[-45.0878,-1.438],[-45.0892,-1.4317]]],[[[-45.5151,-1.4061],[-45.5221,-1.4053],[-45.5226,-1.4009],[-45.514,-1.3903],[-45.5123,-1.3893],[-45.5114,-1.3888],[-45.5081,-1.39],[-45.5067,-1.3906],[-45.5096,-1.3953],[-45.5112,-1.398],[-45.5151,-1.4061]]],[[[-45.0478,-1.3274],[-45.0435,-1.332],[-45.0433,-1.3391],[-45.05,-1.3442],[-45.0545,-1.3298],[-45.0478,-1.3274]]],[[[-45.7906,-1.2473],[-45.7968,-1.2475],[-45.8015,-1.2419],[-45.7984,-1.2384],[-45.7942,-1.2345],[-45.7879,-1.2351],[-45.7906,-1.2473]]],[[[-45.002,-1.4012],[-45.0006,-1.4019],[-45.0004,-1.402],[-44.9978,-1.4102],[-45.0041,-1.4109],[-45.0071,-1.4072],[-45.0155,-1.3955],[-45.0109,-1.3969],[-45.002,-1.4012]]],[[[-44.6138,-1.8301],[-44.6139,-1.8297],[-44.6162,-1.8218],[-44.6122,-1.8212],[-44.6077,-1.8206],[-44.6045,-1.827],[-44.6023,-1.8337],[-44.6059,-1.8314],[-44.6134,-1.8302],[-44.6138,-1.8301]]],[[[-45.6263,-1.3186],[-45.6255,-1.3211],[-45.6249,-1.323],[-45.6237,-1.3272],[-45.6281,-1.3394],[-45.6287,-1.3354],[-45.6301,-1.3246],[-45.6314,-1.3147],[-45.6263,-1.3186]]],[[[-44.831,-1.5604],[-44.8195,-1.5621],[-44.8161,-1.5654],[-44.8166,-1.5708],[-44.824,-1.5701],[-44.8276,-1.5651],[-44.831,-1.5604]]],[[[-45.5619,-1.2609],[-45.5587,-1.2604],[-45.5573,-1.2638],[-45.5598,-1.268],[-45.5612,-1.2702],[-45.5624,-1.2709],[-45.5668,-1.2733],[-45.5671,-1.2683],[-45.5644,-1.2625],[-45.5619,-1.2609]]],[[[-42.7501,-2.5443],[-42.7442,-2.5574],[-42.7605,-2.5577],[-42.7501,-2.5443]]],[[[-44.0093,-2.3996],[-44.003,-2.3931],[-44.0,-2.3905],[-43.997,-2.4009],[-44.0012,-2.4006],[-44.0093,-2.3996]]],[[[-44.6114,-1.7842],[-44.6167,-1.7849],[-44.6167,-1.7815],[-44.6115,-1.7769],[-44.6062,-1.7747],[-44.6029,-1.7751],[-44.6114,-1.7842]]],[[[-45.6403,-1.3106],[-45.6378,-1.3044],[-45.6377,-1.3039],[-45.6363,-1.2998],[-45.6342,-1.3119],[-45.6344,-1.3129],[-45.6359,-1.3198],[-45.6403,-1.3106]]],[[[-45.6538,-1.361],[-45.6431,-1.3584],[-45.6391,-1.3621],[-45.6469,-1.3642],[-45.6538,-1.361]]],[[[-45.642,-1.2471],[-45.6468,-1.25],[-45.6491,-1.245],[-45.6472,-1.2426],[-45.6429,-1.2434],[-45.6393,-1.2447],[-45.6391,-1.2448],[-45.6394,-1.2451],[-45.642,-1.2471]]],[[[-44.0162,-2.399],[-44.0093,-2.3996],[-44.0104,-2.4024],[-44.0105,-2.4025],[-44.0147,-2.4072],[-44.0161,-2.4034],[-44.0161,-2.4011],[-44.0162,-2.399]]],[[[-45.1391,-1.4685],[-45.1364,-1.4646],[-45.1347,-1.4686],[-45.1344,-1.4694],[-45.1363,-1.4761],[-45.1383,-1.4707],[-45.1391,-1.4685]]],[[[-44.7757,-1.5688],[-44.7834,-1.5719],[-44.7801,-1.5678],[-44.7721,-1.5638],[-44.7757,-1.5688]]],[[[-44.8757,-1.3399],[-44.8769,-1.3447],[-44.8816,-1.3397],[-44.8772,-1.3395],[-44.8755,-1.3394],[-44.8757,-1.3399]]],[[[-45.0406,-1.3927],[-45.0361,-1.3904],[-45.0378,-1.3951],[-45.0397,-1.3983],[-45.0406,-1.3927]]],[[[-45.1358,-1.4886],[-45.1329,-1.4852],[-45.1329,-1.4905],[-45.1348,-1.494],[-45.1358,-1.4886]]],[[[-44.4577,-2.1337],[-44.4564,-2.1307],[-44.4534,-2.1302],[-44.4511,-2.133],[-44.4577,-2.1337]]],[[[-45.816,-1.2586],[-45.8144,-1.2547],[-45.8139,-1.2564],[-45.8127,-1.26],[-45.8171,-1.2612],[-45.816,-1.2586]]],[[[-47.0313,-8.9801],[-47.031,-8.9855],[-47.033,-8.9823],[-47.0338,-8.9809],[-47.0353,-8.9785],[-47.0314,-8.9795],[-47.0313,-8.9801]]],[[[-45.1083,-1.4003],[-45.1037,-1.4022],[-45.1063,-1.406],[-45.1083,-1.4003]]],[[[-45.111,-1.3907],[-45.1065,-1.394],[-45.1083,-1.3967],[-45.111,-1.3907]]],[[[-45.5587,-1.2604],[-45.556,-1.2572],[-45.5551,-1.2608],[-45.5587,-1.2604]]],[[[-44.7569,-1.5928],[-44.7553,-1.5871],[-44.7542,-1.59],[-44.7569,-1.5928]]],[[[-45.7641,-1.188],[-45.7618,-1.1856],[-45.7608,-1.1893],[-45.7641,-1.188]]]]}},{"type":"Feature","properties":{"id":"mt","nome":"Mato Grosso","sigla":"MT"},"geometry":{"type":"MultiPolygon","coordinates":[[[[-60.3608,-13.2993],[-60.3252,-13.2523],[-60.3036,-13.1788],[-60.268,-13.1446],[-60.2824,-13.0801],[-60.2147,-13.0266],[-60.1887,-12.9707],[-60.1166,-12.9591],[-60.086,-12.8983],[-60.0743,-12.7728],[-60.0895,-12.7319],[-60.0682,-12.6156],[-59.9347,-12.4867],[-59.8553,-12.4782],[-59.8187,-12.3783],[-59.7738,-12.3406],[-59.8918,-12.2451],[-59.9083,-12.192],[-59.9007,-12.115],[-59.9788,-12.0291],[-59.966,-12.0068],[-59.9846,-11.9139],[-60.0063,-11.8943],[-60.0761,-11.8849],[-60.1082,-11.8392],[-60.0962,-11.7991],[-60.1211,-11.7117],[-60.1143,-11.5911],[-59.9201,-11.3976],[-59.9272,-11.31],[-59.9589,-11.2943],[-59.9815,-11.2331],[-59.9635,-11.1887],[-59.9972,-11.151],[-59.9762,-11.122],[-60.0662,-11.1251],[-60.0837,-11.0965],[-60.2043,-11.1117],[-60.2705,-11.0983],[-60.3007,-11.0568],[-60.334,-11.0825],[-60.3479,-11.0736],[-60.3474,-11.1086],[-60.391,-11.0934],[-60.4136,-11.0431],[-60.4461,-11.0418],[-60.4374,-11.0163],[-60.4595,-10.9895],[-61.5497,-10.9857],[-61.519,-10.9493],[-61.51,-10.7939],[-61.4733,-10.7971],[-61.4878,-10.736],[-61.4718,-10.7146],[-61.498,-10.688],[-61.4817,-10.6688],[-61.489,-10.6294],[-61.4658,-10.5408],[-61.4803,-10.4874],[-61.4612,-10.4195],[-61.5528,-10.3066],[-61.5771,-10.2262],[-61.5512,-10.1974],[-61.5996,-10.1544],[-61.5832,-10.0598],[-61.5307,-9.9895],[-61.5389,-9.9637],[-61.5074,-9.8607],[-61.5316,-9.8194],[-61.5244,-9.7953],[-61.5468,-9.7872],[-61.531,-9.7395],[-61.5738,-9.7173],[-61.5047,-9.691],[-61.5063,-9.6616],[-61.4771,-9.6269],[-61.5025,-9.615],[-61.4946,-9.5784],[-61.5129,-9.5282],[-61.549,-9.5148],[-61.5255,-9.5013],[-61.5781,-9.4712],[-61.5523,-9.3872],[-61.6254,-9.3626],[-61.6119,-9.28],[-61.632,-9.2662],[-61.5753,-9.2373],[-61.5259,-9.2437],[-61.5231,-9.1786],[-61.5552,-9.1296],[-61.5544,-9.0899],[-61.4681,-8.9171],[-61.5255,-8.8165],[-61.5824,-8.7983],[-58.4154,-8.7925],[-58.3256,-8.7196],[-58.3505,-8.7012],[-58.4105,-8.7198],[-58.4369,-8.703],[-58.3908,-8.6029],[-58.4167,-8.4919],[-58.353,-8.3924],[-58.3476,-8.3458],[-58.3144,-8.3227],[-58.3221,-8.1696],[-58.2865,-8.1281],[-58.2861,-8.0871],[-58.3729,-7.9068],[-58.3824,-7.8387],[-58.2943,-7.7719],[-58.2775,-7.7033],[-58.2016,-7.6205],[-58.2222,-7.5236],[-58.2125,-7.4581],[-58.1379,-7.3487],[-58.0662,-7.3909],[-57.9721,-7.5342],[-57.939,-7.6528],[-57.8976,-7.6756],[-57.8733,-7.8008],[-57.8345,-7.8824],[-57.8283,-7.9725],[-57.7279,-8.0938],[-57.7146,-8.1576],[-57.6667,-8.1761],[-57.6428,-8.2133],[-57.6788,-8.3178],[-57.6683,-8.3709],[-57.6863,-8.4137],[-57.6509,-8.4707],[-57.6585,-8.5],[-57.6332,-8.5235],[-57.6481,-8.576],[-57.6217,-8.5908],[-57.5924,-8.7561],[-57.5299,-8.7478],[-57.463,-8.7844],[-57.4271,-8.7829],[-57.4162,-8.8576],[-57.3802,-8.8807],[-57.1923,-8.9297],[-57.1378,-8.9942],[-57.0941,-9.0167],[-57.0387,-9.0979],[-57.0599,-9.1367],[-57.0573,-9.1838],[-56.995,-9.2335],[-56.9517,-9.2227],[-56.8196,-9.246],[-56.7787,-9.3168],[-56.7606,-9.4046],[-56.6714,-9.367],[-53.1329,-9.6445],[-50.2243,-9.8408],[-50.3022,-10.035],[-50.3917,-10.1336],[-50.3819,-10.2213],[-50.4178,-10.3559],[-50.4733,-10.4045],[-50.4822,-10.4896],[-50.5156,-10.5047],[-50.537,-10.6048],[-50.603,-10.6605],[-50.5701,-10.7521],[-50.6215,-10.839],[-50.5995,-10.8827],[-50.6325,-10.9355],[-50.609,-11.067],[-50.6586,-11.1304],[-50.658,-11.2474],[-50.7058,-11.326],[-50.7388,-11.435],[-50.7397,-11.5382],[-50.716,-11.5778],[-50.6561,-11.6004],[-50.6631,-11.6721],[-50.7216,-11.7393],[-50.6858,-11.8586],[-50.6388,-11.8842],[-50.6674,-11.9274],[-50.6564,-11.9664],[-50.6825,-11.9941],[-50.6861,-12.0447],[-50.6668,-12.0808],[-50.6864,-12.2017],[-50.6438,-12.2223],[-50.6299,-12.2814],[-50.6484,-12.2987],[-50.6436,-12.3464],[-50.6178,-12.4286],[-50.6265,-12.4578],[-50.6509,-12.4584],[-50.6456,-12.4817],[-50.686,-12.5688],[-50.6675,-12.5956],[-50.706,-12.6093],[-50.6992,-12.6474],[-50.6465,-12.6507],[-50.6543,-12.6788],[-50.6228,-12.7339],[-50.6355,-12.7714],[-50.6113,-12.7755],[-50.6223,-12.8193],[-50.5791,-12.8018],[-50.5974,-12.8264],[-50.5665,-12.843],[-50.5199,-12.836],[-50.5018,-12.8839],[-50.5255,-12.976],[-50.5564,-13.002],[-50.5925,-13.0024],[-50.5687,-13.0387],[-50.6103,-13.0626],[-50.5898,-13.1092],[-50.6027,-13.1938],[-50.5842,-13.2232],[-50.6067,-13.3104],[-50.6652,-13.3757],[-50.665,-13.4419],[-50.763,-13.5296],[-50.8035,-13.6905],[-50.8713,-13.7327],[-50.841,-13.8625],[-50.8408,-13.9268],[-50.8651,-13.9798],[-50.8332,-14.0894],[-50.8686,-14.1252],[-50.917,-14.1144],[-50.9129,-14.1694],[-50.9748,-14.2904],[-50.9688,-14.3335],[-50.9986,-14.4188],[-50.9624,-14.5266],[-51.0535,-14.7462],[-51.0437,-14.7927],[-51.0893,-14.8407],[-51.0855,-14.9173],[-51.1328,-14.9419],[-51.1497,-14.9826],[-51.2421,-15.035],[-51.29,-15.0339],[-51.3014,-14.9865],[-51.3373,-14.9729],[-51.3763,-15.0124],[-51.4257,-15.0076],[-51.4773,-15.0563],[-51.5355,-15.0693],[-51.5978,-15.155],[-51.6516,-15.1794],[-51.6675,-15.2459],[-51.6465,-15.2675],[-51.6878,-15.3084],[-51.6709,-15.3713],[-51.6971,-15.4096],[-51.6995,-15.4841],[-51.735,-15.5104],[-51.7273,-15.5502],[-51.7758,-15.5372],[-51.7532,-15.6097],[-51.7625,-15.6452],[-51.8791,-15.825],[-51.9463,-15.8101],[-52.0076,-15.885],[-52.2522,-15.8927],[-52.3273,-16.0682],[-52.525,-16.1401],[-52.5481,-16.1647],[-52.5452,-16.2229],[-52.5688,-16.2303],[-52.5468,-16.2608],[-52.5759,-16.2495],[-52.6811,-16.3034],[-52.6879,-16.3959],[-52.643,-16.4123],[-52.6202,-16.4644],[-52.6039,-16.4642],[-52.6121,-16.5017],[-52.6371,-16.5025],[-52.6353,-16.5512],[-52.6681,-16.5501],[-52.6597,-16.5699],[-52.675,-16.5845],[-52.7036,-16.5708],[-52.7063,-16.5978],[-52.739,-16.5894],[-52.7152,-16.6388],[-52.7464,-16.6303],[-52.7399,-16.6564],[-52.7708,-16.6681],[-52.7547,-16.6718],[-52.7613,-16.7058],[-52.7792,-16.7075],[-52.7855,-16.7407],[-52.8308,-16.7708],[-52.8818,-16.7757],[-52.9072,-16.8098],[-52.9321,-16.8024],[-52.9439,-16.8127],[-52.9266,-16.8406],[-52.9525,-16.8415],[-52.9501,-16.86],[-53.0108,-16.8576],[-53.0547,-16.963],[-53.072,-17.0501],[-53.0555,-17.0699],[-53.1186,-17.1128],[-53.2181,-17.2989],[-53.1951,-17.3611],[-53.2411,-17.4924],[-53.2464,-17.6902],[-53.1681,-17.7658],[-53.1359,-17.8366],[-53.1309,-17.9164],[-53.0696,-17.9861],[-53.0715,-18.039],[-53.1732,-18.0416],[-53.2373,-18.0071],[-53.2985,-17.9951],[-53.3803,-18.0083],[-53.4299,-17.9835],[-53.4721,-18.0387],[-53.5567,-18.0052],[-53.589,-18.0122],[-53.6146,-17.9778],[-53.6607,-17.9771],[-53.6917,-18.0132],[-53.7838,-17.9948],[-53.8595,-17.9207],[-53.898,-17.9084],[-53.9484,-17.923],[-53.9477,-17.8556],[-53.8554,-17.7023],[-53.8058,-17.6719],[-53.7056,-17.6619],[-53.6796,-17.2531],[-53.7082,-17.2277],[-53.7586,-17.2427],[-53.7852,-17.2871],[-53.8196,-17.2942],[-53.8308,-17.3546],[-53.8779,-17.3748],[-53.9517,-17.4589],[-54.0371,-17.486],[-54.0576,-17.5127],[-54.0511,-17.5623],[-54.0842,-17.6186],[-54.1783,-17.6024],[-54.2694,-17.6516],[-54.3351,-17.6613],[-54.3873,-17.6315],[-54.3824,-17.5711],[-54.4206,-17.5373],[-54.4664,-17.5286],[-54.4808,-17.4872],[-54.5537,-17.4882],[-54.5812,-17.4676],[-54.7484,-17.5224],[-54.7583,-17.5653],[-54.8603,-17.6234],[-54.9429,-17.6086],[-54.9913,-17.638],[-55.1088,-17.63],[-55.1267,-17.6523],[-55.221,-17.6167],[-55.2921,-17.5421],[-55.3502,-17.5481],[-55.3766,-17.5146],[-55.5236,-17.4807],[-55.5849,-17.4221],[-55.5851,-17.3732],[-55.6258,-17.3636],[-55.6408,-17.339],[-55.6452,-17.3585],[-55.656,-17.3378],[-55.7008,-17.3537],[-55.7086,-17.3372],[-55.7217,-17.3483],[-55.7607,-17.3231],[-55.7839,-17.3296],[-55.806,-17.2976],[-55.8414,-17.3008],[-55.8743,-17.2682],[-55.886,-17.2843],[-55.9014,-17.273],[-55.886,-17.2649],[-55.9258,-17.2574],[-55.9388,-17.2766],[-55.9514,-17.2498],[-55.9862,-17.2577],[-56.0103,-17.2386],[-56.0196,-17.2161],[-56.005,-17.2038],[-56.0446,-17.1712],[-56.0505,-17.1865],[-56.1126,-17.1668],[-56.1393,-17.1908],[-56.1849,-17.1888],[-56.1886,-17.2099],[-56.2125,-17.2102],[-56.2082,-17.2268],[-56.2508,-17.2186],[-56.2986,-17.2756],[-56.3353,-17.2895],[-56.3554,-17.2669],[-56.4428,-17.3303],[-56.5012,-17.2859],[-56.526,-17.3194],[-56.6299,-17.3338],[-56.6469,-17.3165],[-56.6472,-17.339],[-56.6532,-17.3226],[-56.663,-17.3384],[-56.6827,-17.3161],[-56.7333,-17.3094],[-56.7855,-17.3871],[-56.8283,-17.3907],[-56.8415,-17.4178],[-56.8195,-17.4307],[-56.8404,-17.4416],[-56.8249,-17.4585],[-56.8614,-17.4835],[-56.8754,-17.5325],[-56.909,-17.5321],[-56.9818,-17.5798],[-56.9809,-17.6106],[-56.9589,-17.6106],[-57.0444,-17.7299],[-57.0734,-17.735],[-57.1151,-17.7806],[-57.1462,-17.7671],[-57.2515,-17.793],[-57.2321,-17.8119],[-57.3075,-17.8104],[-57.3529,-17.8374],[-57.377,-17.8257],[-57.4462,-17.8741],[-57.4519,-17.9022],[-57.477,-17.8586],[-57.5342,-17.8532],[-57.5758,-17.8001],[-57.6032,-17.8034],[-57.6004,-17.7749],[-57.6398,-17.7169],[-57.663,-17.7294],[-57.6838,-17.7152],[-57.6683,-17.6715],[-57.7275,-17.5293],[-57.7518,-17.5639],[-57.883,-17.4492],[-57.9914,-17.5138],[-58.0427,-17.4922],[-58.0586,-17.452],[-58.1142,-17.4499],[-58.1515,-17.384],[-58.1844,-17.3902],[-58.2016,-17.3565],[-58.254,-17.3521],[-58.2768,-17.2998],[-58.2976,-17.2979],[-58.3045,-17.2672],[-58.3949,-17.1837],[-58.3856,-17.1108],[-58.4238,-17.1117],[-58.4352,-17.0783],[-58.4214,-17.0508],[-58.4331,-17.039],[-58.4163,-17.0346],[-58.4341,-17.0268],[-58.4232,-16.9891],[-58.4732,-16.9334],[-58.4599,-16.8633],[-58.4768,-16.815],[-58.458,-16.7855],[-58.4699,-16.7031],[-58.4354,-16.5919],[-58.3432,-16.5173],[-58.3331,-16.4895],[-58.3555,-16.427],[-58.3437,-16.3896],[-58.3064,-16.3697],[-58.3018,-16.307],[-58.3207,-16.2642],[-58.388,-16.2606],[-58.3935,-16.2963],[-58.4297,-16.3207],[-60.171,-16.2652],[-60.2379,-15.4734],[-60.5643,-15.1082],[-60.2437,-15.0963],[-60.2715,-14.6198],[-60.3211,-14.6056],[-60.3382,-14.5109],[-60.4057,-14.4122],[-60.3948,-14.3638],[-60.4524,-14.3135],[-60.4643,-14.2646],[-60.4489,-14.2405],[-60.4711,-14.1923],[-60.4894,-14.1884],[-60.4783,-14.0957],[-60.4404,-14.0779],[-60.3814,-13.987],[-60.4181,-13.9741],[-60.4195,-13.938],[-60.4499,-13.9372],[-60.4517,-13.8838],[-60.4735,-13.8849],[-60.4554,-13.8547],[-60.4912,-13.856],[-60.4686,-13.8325],[-60.4885,-13.8199],[-60.4676,-13.8208],[-60.4666,-13.7952],[-60.5276,-13.7913],[-60.5223,-13.7684],[-60.5494,-13.7812],[-60.6228,-13.7191],[-60.6552,-13.7368],[-60.7163,-13.6818],[-60.6317,-13.5713],[-60.5771,-13.5648],[-60.5061,-13.5016],[-60.4315,-13.488],[-60.3874,-13.4543],[-60.3608,-13.2993]]],[[[-60.3627,-13.2961],[-60.3608,-13.2993],[-60.3644,-13.2995],[-60.3627,-13.2961]]]]}},{"type":"Feature","properties":{"id":"ms","nome":"Mato Grosso do Sul","sigla":"MS"},"geometry":{"type":"MultiPolygon","coordinates":[[[[-53.8741,-17.9218],[-53.837,-17.9343],[-53.7737,-18.0003],[-53.6917,-18.0132],[-53.6607,-17.9771],[-53.6146,-17.9778],[-53.589,-18.0122],[-53.5567,-18.0052],[-53.4721,-18.0387],[-53.4299,-17.9835],[-53.3803,-18.0083],[-53.2985,-17.9951],[-53.2373,-18.0071],[-53.1732,-18.0416],[-53.0715,-18.039],[-53.1427,-18.0814],[-53.1007,-18.3097],[-53.0694,-18.3424],[-53.0243,-18.3502],[-53.0134,-18.3257],[-52.9489,-18.2961],[-52.8209,-18.3106],[-52.7584,-18.3483],[-52.798,-18.4144],[-52.8733,-18.4277],[-52.8805,-18.465],[-52.9618,-18.5404],[-52.9161,-18.6387],[-52.7491,-18.6903],[-52.5924,-18.6894],[-52.5308,-18.6576],[-52.4486,-18.6905],[-52.3336,-18.8278],[-52.181,-18.8475],[-52.1567,-18.888],[-52.1112,-18.8988],[-52.0809,-18.9504],[-52.0447,-18.95],[-52.0151,-18.9823],[-51.9398,-18.9675],[-51.8544,-19.0509],[-51.8423,-19.0418],[-51.8408,-19.0567],[-51.8152,-19.0547],[-51.6575,-19.1375],[-51.5774,-19.1278],[-51.4934,-19.1625],[-51.42,-19.1661],[-51.3746,-19.1942],[-51.369,-19.2202],[-51.3073,-19.2181],[-51.3074,-19.2375],[-51.2517,-19.2736],[-51.2027,-19.2606],[-51.0573,-19.329],[-51.0175,-19.3834],[-51.0302,-19.401],[-50.9846,-19.4099],[-50.9848,-19.4309],[-50.9392,-19.456],[-50.9625,-19.5001],[-50.9237,-19.5582],[-50.9275,-19.5873],[-50.9871,-19.589],[-51.0455,-19.7286],[-50.999,-19.9059],[-51.0199,-19.9619],[-51.0014,-20.0958],[-51.0687,-20.2496],[-51.1506,-20.3014],[-51.2952,-20.328],[-51.3429,-20.3553],[-51.4997,-20.5677],[-51.5865,-20.6343],[-51.6344,-20.7544],[-51.6185,-20.932],[-51.6656,-20.9701],[-51.7247,-20.9797],[-51.7892,-21.1016],[-51.8754,-21.1357],[-51.8788,-21.1974],[-51.848,-21.2662],[-51.8672,-21.3512],[-51.9056,-21.3848],[-51.9282,-21.4553],[-51.9674,-21.5013],[-52.0773,-21.5147],[-52.1028,-21.5586],[-52.049,-21.6426],[-52.076,-21.7144],[-52.1608,-21.7703],[-52.1901,-21.8457],[-52.3083,-21.9514],[-52.3449,-22.0615],[-52.4077,-22.1412],[-52.4925,-22.2195],[-52.7978,-22.3778],[-52.8573,-22.441],[-52.9981,-22.4927],[-53.0809,-22.5578],[-53.1047,-22.6215],[-53.2014,-22.7283],[-53.354,-22.7769],[-53.5463,-22.8896],[-53.6069,-22.9509],[-53.6336,-22.998],[-53.6361,-23.1246],[-53.7301,-23.3172],[-53.7706,-23.3717],[-53.9823,-23.4595],[-54.0752,-23.764],[-54.0794,-23.8885],[-54.1292,-23.9816],[-54.2871,-24.0695],[-54.3192,-24.0082],[-54.3553,-24.0056],[-54.4139,-23.9596],[-54.4367,-23.9061],[-54.5002,-23.8759],[-54.5696,-23.8745],[-54.5858,-23.8391],[-54.6097,-23.8511],[-54.6708,-23.8117],[-54.7051,-23.8628],[-54.7596,-23.8567],[-54.8135,-23.8882],[-54.8367,-23.8826],[-54.8491,-23.9056],[-54.8896,-23.8982],[-54.9244,-23.9226],[-54.9396,-23.9633],[-54.9979,-23.9559],[-55.06,-23.9921],[-55.1069,-23.9633],[-55.2047,-24.001],[-55.2493,-23.9985],[-55.3118,-23.9619],[-55.3474,-23.994],[-55.4016,-23.9742],[-55.4316,-23.9408],[-55.4479,-23.8203],[-55.4305,-23.7896],[-55.445,-23.743],[-55.4342,-23.7173],[-55.4609,-23.7126],[-55.4809,-23.6411],[-55.5365,-23.6255],[-55.5237,-23.5673],[-55.5614,-23.4757],[-55.5463,-23.4767],[-55.5056,-23.3764],[-55.5558,-23.3185],[-55.5539,-23.2776],[-55.5228,-23.2585],[-55.5459,-23.2192],[-55.5233,-23.1965],[-55.5425,-23.1557],[-55.5967,-23.1521],[-55.6101,-23.0487],[-55.6384,-23.0261],[-55.6218,-22.9856],[-55.6466,-22.95],[-55.6649,-22.8506],[-55.6521,-22.7923],[-55.6168,-22.7675],[-55.6148,-22.6557],[-55.6241,-22.6278],[-55.7213,-22.5515],[-55.7513,-22.476],[-55.735,-22.4583],[-55.7395,-22.3945],[-55.7884,-22.3874],[-55.8487,-22.2837],[-55.9159,-22.2766],[-55.9485,-22.2919],[-55.9826,-22.2786],[-56.0041,-22.2926],[-56.117,-22.2708],[-56.1365,-22.2853],[-56.2094,-22.2764],[-56.2387,-22.2353],[-56.3153,-22.2175],[-56.3629,-22.1699],[-56.3923,-22.0743],[-56.5018,-22.0953],[-56.5572,-22.1958],[-56.6403,-22.244],[-56.635,-22.2624],[-56.7019,-22.2184],[-56.7195,-22.2615],[-56.7451,-22.235],[-56.7746,-22.2588],[-56.7936,-22.2422],[-56.8048,-22.284],[-56.8412,-22.302],[-56.877,-22.2778],[-56.8846,-22.2465],[-56.9055,-22.2669],[-56.9837,-22.2435],[-56.9964,-22.2228],[-57.0427,-22.2406],[-57.0588,-22.2296],[-57.0801,-22.2501],[-57.1112,-22.2402],[-57.1045,-22.2265],[-57.182,-22.2348],[-57.1977,-22.2118],[-57.2405,-22.2492],[-57.2918,-22.2183],[-57.3187,-22.2433],[-57.3722,-22.2311],[-57.386,-22.2041],[-57.4481,-22.1871],[-57.5763,-22.1753],[-57.6124,-22.0945],[-57.6629,-22.1059],[-57.7059,-22.0905],[-57.7154,-22.1086],[-57.7364,-22.1024],[-57.7417,-22.136],[-57.7774,-22.126],[-57.8023,-22.1501],[-57.8277,-22.1196],[-57.8588,-22.1358],[-57.9249,-22.1211],[-57.9389,-22.0853],[-57.9913,-22.0903],[-57.9846,-22.0617],[-58.0033,-22.0316],[-57.9676,-22.0092],[-57.9366,-21.9211],[-57.9473,-21.9006],[-57.9122,-21.8791],[-57.9691,-21.8463],[-57.9133,-21.7915],[-57.9091,-21.7689],[-57.9455,-21.7424],[-57.8819,-21.6881],[-57.9329,-21.651],[-57.9391,-21.6209],[-57.9124,-21.5904],[-57.9574,-21.5636],[-57.9662,-21.525],[-57.854,-21.3383],[-57.8528,-21.3179],[-57.9205,-21.2795],[-57.8496,-21.2193],[-57.8618,-21.1393],[-57.8448,-21.0986],[-57.8671,-21.0411],[-57.8166,-20.9795],[-57.8188,-20.9421],[-57.8632,-20.9457],[-57.8926,-20.9045],[-57.9277,-20.8975],[-57.859,-20.8264],[-57.8898,-20.7919],[-57.9599,-20.789],[-57.9327,-20.7459],[-57.8625,-20.7412],[-57.9193,-20.6637],[-57.954,-20.703],[-57.9846,-20.7012],[-57.9704,-20.6421],[-58.0122,-20.6125],[-57.9969,-20.5727],[-58.0181,-20.5126],[-57.9964,-20.4348],[-58.0203,-20.402],[-58.0836,-20.3721],[-58.1008,-20.3244],[-58.0941,-20.255],[-58.1605,-20.2621],[-58.1608,-20.2238],[-58.1217,-20.1946],[-58.1668,-20.1713],[-58.0883,-20.1073],[-58.0485,-20.1046],[-58.0253,-20.0586],[-57.9846,-20.0571],[-57.9597,-20.0219],[-57.9029,-20.0406],[-57.8587,-19.9699],[-58.1312,-19.758],[-57.7835,-19.033],[-57.7088,-19.0311],[-57.6936,-19.0104],[-57.7186,-18.9765],[-57.7191,-18.8985],[-57.766,-18.8988],[-57.5571,-18.2399],[-57.4533,-18.2307],[-57.5742,-18.1314],[-57.5995,-18.0459],[-57.7199,-17.8274],[-57.6825,-17.8276],[-57.6826,-17.8075],[-57.7195,-17.7712],[-57.7089,-17.7294],[-57.775,-17.6565],[-57.7734,-17.5973],[-57.795,-17.5599],[-57.7518,-17.5639],[-57.7275,-17.5293],[-57.7115,-17.5437],[-57.6683,-17.6715],[-57.6838,-17.7152],[-57.663,-17.7294],[-57.6398,-17.7169],[-57.6004,-17.7749],[-57.6032,-17.8034],[-57.5758,-17.8001],[-57.5342,-17.8532],[-57.477,-17.8586],[-57.4519,-17.9022],[-57.4462,-17.8741],[-57.377,-17.8257],[-57.3529,-17.8374],[-57.3075,-17.8104],[-57.2321,-17.8119],[-57.2515,-17.793],[-57.1462,-17.7671],[-57.1151,-17.7806],[-57.0734,-17.735],[-57.0444,-17.7299],[-56.9589,-17.6106],[-56.9809,-17.6106],[-56.9818,-17.5798],[-56.909,-17.5321],[-56.8754,-17.5325],[-56.8614,-17.4835],[-56.8249,-17.4585],[-56.8404,-17.4416],[-56.8195,-17.4307],[-56.8415,-17.4178],[-56.8283,-17.3907],[-56.7855,-17.3871],[-56.7333,-17.3094],[-56.6827,-17.3161],[-56.663,-17.3384],[-56.6532,-17.3226],[-56.6472,-17.339],[-56.6469,-17.3165],[-56.6299,-17.3338],[-56.526,-17.3194],[-56.5012,-17.2859],[-56.4428,-17.3303],[-56.3554,-17.2669],[-56.3353,-17.2895],[-56.2986,-17.2756],[-56.2508,-17.2186],[-56.2082,-17.2268],[-56.2125,-17.2102],[-56.1886,-17.2099],[-56.1849,-17.1888],[-56.1393,-17.1908],[-56.1126,-17.1668],[-56.0505,-17.1865],[-56.0446,-17.1712],[-56.005,-17.2038],[-56.0196,-17.2161],[-56.0103,-17.2386],[-55.9862,-17.2577],[-55.9514,-17.2498],[-55.9388,-17.2766],[-55.9258,-17.2574],[-55.886,-17.2649],[-55.9014,-17.273],[-55.886,-17.2843],[-55.8743,-17.2682],[-55.8414,-17.3008],[-55.806,-17.2976],[-55.7839,-17.3296],[-55.7607,-17.3231],[-55.7217,-17.3483],[-55.7086,-17.3372],[-55.7008,-17.3537],[-55.656,-17.3378],[-55.6452,-17.3585],[-55.6408,-17.339],[-55.6258,-17.3636],[-55.5851,-17.3732],[-55.5849,-17.4221],[-55.5236,-17.4807],[-55.3766,-17.5146],[-55.3502,-17.5481],[-55.2921,-17.5421],[-55.221,-17.6167],[-55.1267,-17.6523],[-55.1088,-17.63],[-54.9913,-17.638],[-54.9429,-17.6086],[-54.8603,-17.6234],[-54.7583,-17.5653],[-54.7484,-17.5224],[-54.5812,-17.4676],[-54.5537,-17.4882],[-54.4808,-17.4872],[-54.4664,-17.5286],[-54.4206,-17.5373],[-54.3824,-17.5711],[-54.3873,-17.6315],[-54.3019,-17.6612],[-54.1783,-17.6024],[-54.0765,-17.6146],[-54.0371,-17.486],[-53.9517,-17.4589],[-53.8779,-17.3748],[-53.8308,-17.3546],[-53.8196,-17.2942],[-53.7852,-17.2871],[-53.7586,-17.2427],[-53.7082,-17.2277],[-53.6796,-17.2531],[-53.7056,-17.6619],[-53.8058,-17.6719],[-53.8879,-17.7485],[-53.9552,-17.8826],[-53.9484,-17.923],[-53.898,-17.9084],[-53.8741,-17.9218]]],[[[-53.8722,-17.9164],[-53.8718,-17.9214],[-53.875,-17.9184],[-53.8722,-17.9164]]]]}},{"type":"Feature","properties":{"id":"mg","nome":"Minas Gerais","sigla":"MG"},"geometry":{"type":"MultiPolygon","coordinates":[[[[-44.2089,-14.2441],[-44.1369,-14.2637],[-44.1352,-14.2817],[-44.1122,-14.2583],[-44.0341,-14.2884],[-43.986,-14.2671],[-43.9417,-14.3046],[-43.8917,-14.2953],[-43.7828,-14.3388],[-43.8735,-14.5201],[-43.8831,-14.6528],[-43.8588,-14.6738],[-43.7258,-14.6977],[-43.7195,-14.7291],[-43.6869,-14.7214],[-43.6146,-14.7594],[-43.5802,-14.7504],[-43.5368,-14.7831],[-43.531,-14.8148],[-43.4741,-14.7895],[-43.4808,-14.7674],[-43.4345,-14.7226],[-43.3108,-14.6693],[-43.1759,-14.6501],[-43.0834,-14.6975],[-43.066,-14.6801],[-42.9385,-14.7076],[-42.9267,-14.7437],[-42.8721,-14.7645],[-42.7906,-14.8389],[-42.7547,-14.846],[-42.723,-14.8852],[-42.6249,-14.944],[-42.5867,-14.9299],[-42.4755,-15.0166],[-42.4364,-15.0223],[-42.4425,-15.0602],[-42.3757,-15.0708],[-42.3545,-15.0977],[-42.3308,-15.0795],[-42.2644,-15.1247],[-42.1729,-15.0855],[-42.0912,-15.1862],[-41.9966,-15.1589],[-41.9326,-15.1729],[-41.8706,-15.1161],[-41.8003,-15.1006],[-41.356,-15.4998],[-41.3308,-15.7442],[-41.2149,-15.7368],[-41.1438,-15.7714],[-41.0772,-15.7188],[-41.0039,-15.7116],[-40.9619,-15.6484],[-40.9139,-15.6606],[-40.9022,-15.6914],[-40.8812,-15.694],[-40.8416,-15.6828],[-40.8152,-15.648],[-40.7673,-15.7136],[-40.7068,-15.6659],[-40.6446,-15.7284],[-40.629,-15.7152],[-40.6062,-15.7363],[-40.5617,-15.8028],[-40.5179,-15.797],[-40.5083,-15.7675],[-40.4815,-15.7746],[-40.4602,-15.7533],[-40.4246,-15.8052],[-40.3765,-15.8231],[-40.2305,-15.8033],[-40.1997,-15.862],[-40.1657,-15.8679],[-40.1703,-15.9071],[-40.105,-15.9116],[-40.0846,-15.8967],[-40.0805,-15.9236],[-40.0657,-15.9094],[-40.0784,-15.9405],[-40.0658,-15.9597],[-40.004,-16.0014],[-39.9157,-16.0001],[-39.9353,-16.0233],[-39.8564,-16.1134],[-39.8966,-16.1411],[-39.883,-16.1942],[-39.9355,-16.2445],[-39.9163,-16.2834],[-39.9683,-16.3266],[-39.9904,-16.313],[-40.0679,-16.4579],[-40.0836,-16.4635],[-40.0976,-16.4222],[-40.1708,-16.5237],[-40.1595,-16.5798],[-40.2341,-16.5583],[-40.2751,-16.5736],[-40.3123,-16.6783],[-40.3098,-16.7357],[-40.3451,-16.7868],[-40.2574,-16.8061],[-40.2465,-16.8453],[-40.2812,-16.9007],[-40.3024,-16.8918],[-40.3267,-16.9089],[-40.3661,-16.8737],[-40.4172,-16.8988],[-40.4796,-16.8764],[-40.5696,-17.0614],[-40.5564,-17.0891],[-40.5783,-17.1483],[-40.552,-17.1987],[-40.5708,-17.2517],[-40.5474,-17.2832],[-40.6086,-17.3265],[-40.5923,-17.345],[-40.5993,-17.3899],[-40.6231,-17.4055],[-40.5203,-17.4469],[-40.4826,-17.488],[-40.4879,-17.524],[-40.4603,-17.5682],[-40.4103,-17.5677],[-40.4141,-17.6096],[-40.3964,-17.6251],[-40.3716,-17.612],[-40.3543,-17.6438],[-40.3473,-17.6142],[-40.28,-17.7223],[-40.2235,-17.7336],[-40.2177,-17.7952],[-40.1747,-17.8522],[-40.2631,-17.9215],[-40.222,-17.9799],[-40.3336,-17.9269],[-40.4638,-17.9277],[-40.5266,-17.8915],[-40.5843,-17.9177],[-40.5868,-17.9385],[-40.613,-17.9392],[-40.6255,-17.9888],[-40.7041,-18.0229],[-40.7254,-18.0007],[-40.7719,-18.0018],[-40.7708,-17.9806],[-40.7946,-17.9813],[-40.8084,-17.9523],[-40.8627,-17.9878],[-40.8823,-17.9701],[-40.9022,-17.987],[-40.7729,-18.1071],[-40.7711,-18.1554],[-40.8495,-18.147],[-40.8927,-18.1074],[-40.9318,-18.136],[-40.9496,-18.1288],[-40.9541,-18.154],[-40.9866,-18.1463],[-40.9891,-18.1702],[-41.0556,-18.1661],[-41.104,-18.2128],[-41.0961,-18.2551],[-41.1584,-18.3083],[-41.1455,-18.3734],[-41.1621,-18.3903],[-41.1443,-18.4058],[-41.1816,-18.4386],[-41.0235,-18.4567],[-41.0326,-18.6177],[-41.0527,-18.6282],[-41.044,-18.6478],[-40.9432,-18.6871],[-40.9165,-18.815],[-40.9635,-18.8407],[-41.0971,-18.8418],[-41.1337,-18.7956],[-41.2321,-18.7968],[-41.242,-18.8539],[-41.2144,-18.8772],[-41.208,-18.8546],[-41.166,-18.8577],[-41.1033,-18.9336],[-41.0678,-18.9424],[-41.0384,-18.9799],[-41.018,-18.9731],[-41.0714,-19.0234],[-41.0534,-19.0684],[-41.0122,-19.0753],[-41.008,-19.0978],[-40.9625,-19.1211],[-40.9263,-19.1888],[-40.9408,-19.2317],[-40.9195,-19.2709],[-40.9441,-19.2791],[-40.9073,-19.3083],[-40.9382,-19.3473],[-40.9283,-19.3807],[-40.9672,-19.4272],[-40.9445,-19.4596],[-40.9718,-19.5048],[-41.0454,-19.4875],[-41.0364,-19.5683],[-41.1681,-19.6717],[-41.1904,-19.7464],[-41.1655,-19.792],[-41.1859,-19.8272],[-41.1845,-19.8885],[-41.228,-19.9051],[-41.2438,-19.9364],[-41.3075,-19.9478],[-41.3077,-20.0125],[-41.3817,-20.1883],[-41.4113,-20.2062],[-41.7563,-20.2064],[-41.7806,-20.2921],[-41.8467,-20.329],[-41.8584,-20.3725],[-41.7978,-20.4345],[-41.8039,-20.5436],[-41.8557,-20.614],[-41.817,-20.624],[-41.8084,-20.6437],[-41.8606,-20.7063],[-41.8561,-20.7472],[-41.8734,-20.7436],[-41.8784,-20.7782],[-41.9277,-20.7945],[-41.9258,-20.8376],[-41.9543,-20.865],[-41.9763,-20.935],[-42.0932,-20.9358],[-42.1513,-20.9739],[-42.0801,-21.0352],[-42.1007,-21.034],[-42.1399,-21.1024],[-42.164,-21.101],[-42.2081,-21.1777],[-42.1893,-21.2494],[-42.2286,-21.2839],[-42.2295,-21.3661],[-42.2512,-21.3854],[-42.2387,-21.4013],[-42.2787,-21.4101],[-42.2922,-21.4595],[-42.2523,-21.4898],[-42.3059,-21.529],[-42.3686,-21.6191],[-42.3553,-21.6254],[-42.3646,-21.6458],[-42.3015,-21.6545],[-42.2749,-21.6764],[-42.2711,-21.7147],[-42.8821,-21.9596],[-42.9087,-21.99],[-43.0382,-22.0466],[-43.0322,-22.066],[-43.073,-22.0934],[-43.1063,-22.0835],[-43.1365,-22.1088],[-43.1537,-22.0775],[-43.1307,-22.0295],[-43.2022,-22.0365],[-43.2461,-22.0065],[-43.3006,-22.0191],[-43.3464,-22.0034],[-43.462,-22.0722],[-43.5071,-22.074],[-43.5132,-22.0588],[-43.5622,-22.0873],[-43.5857,-22.0515],[-43.6119,-22.0813],[-43.6522,-22.0666],[-43.6732,-22.0891],[-43.6914,-22.0704],[-43.7336,-22.0961],[-43.7656,-22.0624],[-44.0046,-22.1619],[-44.0235,-22.1509],[-44.0866,-22.1831],[-44.0997,-22.1728],[-44.1227,-22.1878],[-44.1211,-22.2086],[-44.235,-22.2657],[-44.2911,-22.2426],[-44.3872,-22.272],[-44.414,-22.2537],[-44.456,-22.2567],[-44.4607,-22.2799],[-44.5328,-22.3299],[-44.6168,-22.3313],[-44.66,-22.3791],[-44.7235,-22.3595],[-44.7933,-22.3866],[-44.8329,-22.4304],[-44.871,-22.4238],[-44.8985,-22.4523],[-44.9396,-22.4522],[-44.9654,-22.4747],[-45.028,-22.4627],[-45.0907,-22.4826],[-45.1497,-22.5068],[-45.1776,-22.5494],[-45.2594,-22.5824],[-45.2742,-22.6157],[-45.3325,-22.6171],[-45.3949,-22.6514],[-45.41,-22.6512],[-45.4125,-22.6217],[-45.4713,-22.59],[-45.4884,-22.6283],[-45.5395,-22.6521],[-45.5839,-22.6512],[-45.5549,-22.6259],[-45.5763,-22.6019],[-45.6646,-22.6502],[-45.6806,-22.6358],[-45.6604,-22.5785],[-45.7165,-22.5781],[-45.737,-22.6081],[-45.6935,-22.6512],[-45.7424,-22.6587],[-45.8112,-22.6983],[-45.8194,-22.7221],[-45.7964,-22.7383],[-45.7278,-22.7232],[-45.7121,-22.7686],[-45.7295,-22.7984],[-45.7131,-22.8143],[-45.7545,-22.7924],[-45.7705,-22.8054],[-45.7657,-22.8419],[-45.7908,-22.8576],[-45.8229,-22.8294],[-45.8885,-22.8753],[-45.9094,-22.8168],[-46.008,-22.8887],[-46.0948,-22.8939],[-46.1386,-22.9223],[-46.1535,-22.9119],[-46.1364,-22.89],[-46.1442,-22.8578],[-46.2377,-22.8937],[-46.2664,-22.8752],[-46.3448,-22.9042],[-46.3837,-22.8695],[-46.3612,-22.7884],[-46.3348,-22.7597],[-46.4523,-22.7271],[-46.4775,-22.6989],[-46.4693,-22.673],[-46.3926,-22.6625],[-46.4242,-22.6331],[-46.4043,-22.6204],[-46.4333,-22.5734],[-46.4067,-22.54],[-46.5048,-22.5166],[-46.5417,-22.4939],[-46.5302,-22.4704],[-46.5491,-22.4685],[-46.5544,-22.4462],[-46.6661,-22.4139],[-46.6605,-22.3655],[-46.6751,-22.3687],[-46.7228,-22.3061],[-46.705,-22.2954],[-46.7104,-22.2635],[-46.6881,-22.2482],[-46.6732,-22.1756],[-46.6455,-22.1799],[-46.6001,-22.1343],[-46.6511,-22.0908],[-46.7,-22.0947],[-46.7228,-22.0765],[-46.6644,-22.0684],[-46.6815,-22.0281],[-46.613,-22.0091],[-46.6668,-21.9321],[-46.672,-21.9087],[-46.6471,-21.88],[-46.6905,-21.8365],[-46.6256,-21.7657],[-46.6211,-21.675],[-46.5654,-21.6789],[-46.5525,-21.6376],[-46.5171,-21.6114],[-46.5214,-21.5842],[-46.4997,-21.5541],[-46.5237,-21.5214],[-46.5088,-21.4694],[-46.5198,-21.448],[-46.5761,-21.4265],[-46.6148,-21.441],[-46.6467,-21.3638],[-46.6652,-21.3612],[-46.7055,-21.4044],[-46.7643,-21.3596],[-46.8323,-21.3673],[-46.8417,-21.3886],[-46.9203,-21.4266],[-47.0108,-21.4218],[-46.9976,-21.3503],[-47.0347,-21.3105],[-47.0518,-21.2461],[-47.0769,-21.2393],[-47.0623,-21.2095],[-47.0982,-21.213],[-47.1183,-21.1853],[-47.133,-21.133],[-47.1127,-21.1044],[-47.1418,-21.0877],[-47.1565,-21.0185],[-47.1433,-20.9819],[-47.2396,-20.8848],[-47.2146,-20.8253],[-47.2243,-20.7996],[-47.1884,-20.7701],[-47.1858,-20.7306],[-47.1654,-20.7014],[-47.1145,-20.7053],[-47.0969,-20.6439],[-47.1539,-20.5192],[-47.2913,-20.4488],[-47.2978,-20.348],[-47.2307,-20.2186],[-47.2566,-20.1657],[-47.4387,-20.0492],[-47.4252,-20.0123],[-47.4659,-19.9637],[-47.5806,-19.9954],[-47.5943,-20.0253],[-47.6355,-20.0479],[-47.7038,-19.9794],[-47.8593,-19.9925],[-47.8754,-20.0295],[-47.8598,-20.0529],[-47.8939,-20.1234],[-47.9336,-20.1074],[-47.948,-20.0553],[-47.9755,-20.0349],[-48.0194,-20.1197],[-48.07,-20.1461],[-48.1116,-20.1434],[-48.1784,-20.0953],[-48.2136,-20.0349],[-48.2405,-20.0289],[-48.253,-20.0774],[-48.2182,-20.1259],[-48.2459,-20.1405],[-48.3193,-20.113],[-48.4053,-20.113],[-48.4906,-20.1376],[-48.5807,-20.1317],[-48.6464,-20.1661],[-48.7291,-20.1498],[-48.8227,-20.1614],[-48.8552,-20.1816],[-48.8579,-20.2294],[-48.885,-20.2687],[-48.8671,-20.3982],[-48.8989,-20.4407],[-48.9684,-20.3933],[-48.9613,-20.2628],[-48.9918,-20.1649],[-49.0674,-20.154],[-49.1303,-20.2797],[-49.1791,-20.3097],[-49.2172,-20.3032],[-49.259,-20.2578],[-49.3081,-20.1015],[-49.2961,-20.0164],[-49.2479,-19.9992],[-49.2503,-19.9703],[-49.2971,-19.9601],[-49.356,-19.9862],[-49.4399,-19.9803],[-49.487,-19.9548],[-49.503,-19.9194],[-49.551,-19.9054],[-49.6407,-19.9314],[-49.782,-19.924],[-49.8908,-19.9432],[-49.9596,-19.9204],[-50.0117,-19.9262],[-50.1023,-19.8754],[-50.3523,-19.8641],[-50.414,-19.8033],[-50.4714,-19.7792],[-50.5755,-19.8156],[-50.6564,-19.9049],[-50.7831,-19.9368],[-50.9076,-19.9938],[-50.966,-20.0341],[-51.0,-20.0849],[-51.0199,-19.9619],[-50.999,-19.9059],[-51.0455,-19.7286],[-50.9871,-19.589],[-50.9371,-19.5918],[-50.9226,-19.5756],[-50.962,-19.4844],[-50.9353,-19.4672],[-50.8417,-19.4987],[-50.8262,-19.487],[-50.8749,-19.4224],[-50.8166,-19.2894],[-50.7472,-19.2354],[-50.733,-19.1853],[-50.6802,-19.1727],[-50.6772,-19.1392],[-50.5845,-19.1369],[-50.537,-19.0989],[-50.4983,-19.0336],[-50.5087,-18.937],[-50.4411,-18.8903],[-50.4207,-18.8307],[-50.3763,-18.8119],[-50.3089,-18.698],[-50.1638,-18.6639],[-50.0796,-18.6718],[-50.0161,-18.5994],[-49.9312,-18.6235],[-49.8813,-18.6096],[-49.7832,-18.6409],[-49.7698,-18.6123],[-49.6864,-18.5897],[-49.6396,-18.5998],[-49.6475,-18.5584],[-49.5576,-18.5459],[-49.5354,-18.4932],[-49.4924,-18.4961],[-49.4814,-18.5606],[-49.4163,-18.6381],[-49.3783,-18.6419],[-49.3298,-18.5651],[-49.2921,-18.5635],[-49.2839,-18.5366],[-49.2486,-18.5222],[-49.1926,-18.4473],[-49.2052,-18.4113],[-49.1577,-18.4134],[-49.1083,-18.3834],[-49.1121,-18.3997],[-49.0766,-18.4163],[-49.0415,-18.376],[-48.9955,-18.3705],[-48.9363,-18.3057],[-48.8316,-18.3457],[-48.8159,-18.3792],[-48.7553,-18.3439],[-48.561,-18.3234],[-48.5541,-18.3465],[-48.5152,-18.366],[-48.4843,-18.3532],[-48.4792,-18.3792],[-48.4452,-18.3548],[-48.4053,-18.3559],[-48.4032,-18.3707],[-48.3532,-18.3656],[-48.3132,-18.3844],[-48.3145,-18.3637],[-48.2619,-18.3314],[-48.2205,-18.3618],[-48.1609,-18.3718],[-48.1473,-18.4077],[-48.1142,-18.4261],[-48.0554,-18.4128],[-48.006,-18.4539],[-47.9805,-18.4424],[-47.9788,-18.4755],[-47.9545,-18.4998],[-47.9138,-18.4661],[-47.8677,-18.4739],[-47.8584,-18.4399],[-47.8315,-18.4493],[-47.8294,-18.413],[-47.8087,-18.4004],[-47.7786,-18.4237],[-47.7474,-18.4111],[-47.7401,-18.3634],[-47.7019,-18.3787],[-47.6571,-18.3273],[-47.6257,-18.3338],[-47.6108,-18.3149],[-47.6383,-18.2872],[-47.5671,-18.2034],[-47.5383,-18.1945],[-47.5333,-18.2302],[-47.5178,-18.1984],[-47.4845,-18.1931],[-47.4508,-18.1587],[-47.4296,-18.1653],[-47.4283,-18.1388],[-47.3964,-18.1414],[-47.4069,-18.1313],[-47.3554,-18.1046],[-47.3573,-18.0846],[-47.2828,-18.0578],[-47.3726,-17.8295],[-47.3516,-17.8147],[-47.354,-17.7871],[-47.3323,-17.7662],[-47.3423,-17.744],[-47.3132,-17.6986],[-47.27,-17.674],[-47.2809,-17.6528],[-47.2664,-17.6086],[-47.3305,-17.5244],[-47.3993,-17.5125],[-47.4532,-17.5367],[-47.4771,-17.5113],[-47.4954,-17.5248],[-47.5139,-17.4603],[-47.5407,-17.4538],[-47.521,-17.4234],[-47.5384,-17.3883],[-47.5141,-17.3743],[-47.5112,-17.3313],[-47.4638,-17.355],[-47.4403,-17.3472],[-47.4546,-17.3302],[-47.4213,-17.3155],[-47.434,-17.2758],[-47.3622,-17.2222],[-47.3498,-17.196],[-47.3626,-17.186],[-47.3397,-17.1869],[-47.3515,-17.166],[-47.2823,-17.1436],[-47.2815,-17.1144],[-47.2473,-17.0813],[-47.2293,-17.0892],[-47.1816,-17.0635],[-47.184,-17.0355],[-47.1665,-17.047],[-47.1465,-17.0303],[-47.1313,-17.01],[-47.1507,-16.9969],[-47.1262,-16.9801],[-47.1661,-16.9522],[-47.1598,-16.9216],[-47.1963,-16.909],[-47.2089,-16.865],[-47.1931,-16.8247],[-47.2117,-16.8274],[-47.2197,-16.8064],[-47.2355,-16.7549],[-47.2229,-16.7222],[-47.251,-16.705],[-47.2497,-16.6664],[-47.2768,-16.6596],[-47.3181,-16.6031],[-47.3339,-16.6167],[-47.3424,-16.5927],[-47.3757,-16.5988],[-47.3761,-16.5798],[-47.4124,-16.5754],[-47.4054,-16.5552],[-47.444,-16.5403],[-47.4581,-16.5018],[-47.4267,-16.3937],[-47.3658,-16.331],[-47.322,-16.2309],[-47.3516,-16.1315],[-47.3327,-16.0854],[-47.3109,-16.0877],[-47.3001,-16.0166],[-47.2191,-16.0138],[-47.1415,-15.9262],[-47.1341,-15.9497],[-47.0866,-15.9604],[-47.0523,-15.9375],[-46.8117,-15.8851],[-46.8127,-15.7868],[-46.8552,-15.6817],[-46.8544,-15.6199],[-46.9487,-15.5541],[-46.93,-15.4426],[-46.849,-15.3727],[-46.869,-15.361],[-46.8365,-15.3221],[-46.8889,-15.2818],[-46.8918,-15.2349],[-46.9272,-15.2546],[-46.9405,-15.2292],[-46.8887,-15.1112],[-46.9256,-15.0731],[-46.9183,-15.0494],[-46.8565,-15.0098],[-46.7814,-15.0189],[-46.625,-15.0891],[-46.5022,-15.0518],[-46.5304,-15.0048],[-46.5169,-14.9724],[-46.5461,-14.925],[-46.5211,-14.8507],[-46.5584,-14.8206],[-46.5655,-14.7859],[-46.5098,-14.7378],[-46.5029,-14.704],[-46.4745,-14.7047],[-46.4615,-14.7308],[-46.3218,-14.8141],[-46.3245,-14.8473],[-46.3,-14.8576],[-46.3189,-14.9],[-46.2864,-14.9277],[-46.2333,-14.9211],[-46.224,-14.9413],[-46.176,-14.9486],[-46.161,-14.9057],[-46.1453,-14.9261],[-46.0877,-14.9359],[-46.0791,-14.9045],[-46.0619,-14.9075],[-46.037,-14.8736],[-46.0034,-14.9018],[-46.0068,-14.9248],[-45.9657,-14.9652],[-45.9751,-15.0385],[-46.0433,-15.1177],[-46.0494,-15.1659],[-46.1188,-15.1918],[-46.0767,-15.2642],[-46.0522,-15.2587],[-46.0276,-15.2009],[-45.9841,-15.1955],[-45.9533,-15.1391],[-45.918,-15.1331],[-45.8726,-15.1574],[-45.825,-15.1159],[-45.7214,-15.1116],[-45.7166,-15.0934],[-45.6743,-15.08],[-45.6549,-15.0258],[-45.6157,-15.0133],[-45.5657,-14.9444],[-45.4547,-14.9533],[-45.4345,-14.9221],[-45.3994,-14.917],[-45.3635,-14.8712],[-45.3176,-14.8521],[-45.3167,-14.8316],[-45.2853,-14.832],[-45.2052,-14.7443],[-45.1632,-14.7319],[-45.0831,-14.7486],[-45.0391,-14.6798],[-44.843,-14.5804],[-44.8435,-14.5659],[-44.8584,-14.5711],[-44.8239,-14.5389],[-44.8328,-14.4994],[-44.7009,-14.4493],[-44.6879,-14.4162],[-44.6676,-14.4234],[-44.6585,-14.3953],[-44.5652,-14.3396],[-44.4868,-14.3281],[-44.3161,-14.2399],[-44.2471,-14.2597],[-44.2402,-14.2403],[-44.2089,-14.2441]]]]}},{"type":"Feature","properties":{"id":"pr","nome":"Paraná","sigla":"PR"},"geometry":{"type":"MultiPolygon","coordinates":[[[[-52.0642,-22.5338],[-51.94,-22.5669],[-51.873,-22.6278],[-51.7528,-22.6173],[-51.7177,-22.6685],[-51.6281,-22.658],[-51.5591,-22.6967],[-51.4984,-22.69],[-51.4458,-22.6528],[-51.2633,-22.6686],[-51.2348,-22.7082],[-51.1544,-22.7524],[-51.0571,-22.7656],[-51.0036,-22.7922],[-50.9611,-22.7857],[-50.9446,-22.8036],[-50.8904,-22.7953],[-50.7925,-22.8939],[-50.8056,-22.9398],[-50.7411,-22.9609],[-50.7093,-22.953],[-50.6618,-22.8952],[-50.6084,-22.9233],[-50.5765,-22.9035],[-50.5409,-22.9116],[-50.5044,-22.9458],[-50.4275,-22.9445],[-50.4164,-22.9128],[-50.3799,-22.9044],[-50.3397,-22.9476],[-50.2729,-22.9305],[-50.2382,-22.9526],[-50.1828,-22.9533],[-50.067,-22.927],[-50.0461,-22.902],[-49.9958,-22.929],[-49.9857,-22.897],[-49.9609,-22.9304],[-49.9717,-22.9587],[-49.901,-22.9987],[-49.9111,-23.0506],[-49.8332,-23.0655],[-49.7899,-23.1018],[-49.7266,-23.1079],[-49.73,-23.141],[-49.6778,-23.1646],[-49.6253,-23.2861],[-49.6212,-23.3314],[-49.6371,-23.3492],[-49.5948,-23.3664],[-49.5911,-23.3881],[-49.6189,-23.3965],[-49.5666,-23.4267],[-49.5725,-23.4434],[-49.5952,-23.4399],[-49.5981,-23.4767],[-49.6144,-23.4717],[-49.6141,-23.5077],[-49.6287,-23.5117],[-49.5997,-23.5351],[-49.6166,-23.6391],[-49.5494,-23.7032],[-49.5486,-23.736],[-49.5636,-23.7317],[-49.5715,-23.7546],[-49.5619,-23.8181],[-49.6102,-23.8512],[-49.5856,-23.8885],[-49.5731,-23.8775],[-49.5565,-23.9222],[-49.5111,-23.9254],[-49.5206,-23.9456],[-49.4994,-23.9588],[-49.5157,-23.9695],[-49.4932,-23.9771],[-49.4867,-24.0241],[-49.463,-24.0269],[-49.4298,-24.0869],[-49.3368,-24.1372],[-49.3554,-24.2115],[-49.3049,-24.2509],[-49.283,-24.3075],[-49.2003,-24.344],[-49.2534,-24.4073],[-49.235,-24.4105],[-49.2522,-24.4336],[-49.2467,-24.4687],[-49.295,-24.5009],[-49.2809,-24.5367],[-49.3155,-24.555],[-49.3048,-24.6721],[-49.2084,-24.7003],[-49.1852,-24.6722],[-49.0553,-24.6821],[-49.0418,-24.64],[-49.0042,-24.6339],[-49.0093,-24.6577],[-48.958,-24.6848],[-48.851,-24.6741],[-48.858,-24.6572],[-48.8283,-24.6551],[-48.7782,-24.6962],[-48.7568,-24.6794],[-48.7533,-24.6937],[-48.7033,-24.6801],[-48.6899,-24.6929],[-48.6936,-24.6702],[-48.6765,-24.6711],[-48.6608,-24.706],[-48.6161,-24.6682],[-48.5814,-24.6711],[-48.5313,-24.7363],[-48.4988,-24.7385],[-48.5163,-24.7796],[-48.5553,-24.8057],[-48.5662,-24.8635],[-48.5464,-24.8733],[-48.5588,-24.9007],[-48.5716,-24.8945],[-48.567,-24.9717],[-48.5975,-25.0028],[-48.5559,-25.0838],[-48.5281,-25.1003],[-48.4828,-25.0527],[-48.4736,-25.012],[-48.4106,-24.9796],[-48.3507,-25.036],[-48.3237,-25.0362],[-48.3332,-25.0701],[-48.2989,-25.0239],[-48.2778,-25.0326],[-48.2512,-24.9782],[-48.2091,-25.0282],[-48.2117,-25.0849],[-48.1564,-25.1441],[-48.1867,-25.1984],[-48.1144,-25.2502],[-48.0616,-25.2395],[-48.0569,-25.2179],[-48.0231,-25.2305],[-48.1525,-25.3636],[-48.2083,-25.4603],[-48.3093,-25.4928],[-48.2764,-25.5135],[-48.2979,-25.567],[-48.3803,-25.5955],[-48.4387,-25.6541],[-48.5259,-25.8015],[-48.5347,-25.8495],[-48.5635,-25.8565],[-48.5904,-25.9764],[-48.633,-25.977],[-48.6429,-25.9558],[-48.6802,-25.9806],[-48.9603,-25.9793],[-48.9502,-25.9897],[-48.978,-25.9888],[-48.9977,-26.0113],[-49.0404,-26.0035],[-49.0547,-26.02],[-49.0706,-25.9992],[-49.1251,-25.9957],[-49.1408,-26.0151],[-49.1748,-26.0013],[-49.2375,-26.0309],[-49.2655,-26.0785],[-49.294,-26.0845],[-49.2893,-26.1022],[-49.3698,-26.1555],[-49.4587,-26.1622],[-49.4864,-26.1801],[-49.4961,-26.2208],[-49.5397,-26.2133],[-49.5546,-26.2368],[-49.5774,-26.2135],[-49.5903,-26.2297],[-49.5871,-26.217],[-49.6018,-26.2272],[-49.6347,-26.2081],[-49.6299,-26.1905],[-49.6452,-26.2091],[-49.6527,-26.1867],[-49.6893,-26.188],[-49.6763,-26.1755],[-49.7102,-26.1539],[-49.7273,-26.1699],[-49.7244,-26.1432],[-49.7481,-26.1395],[-49.7676,-26.1043],[-49.7779,-26.1189],[-49.8431,-26.0725],[-49.8321,-26.0527],[-49.8421,-26.0639],[-49.865,-26.0347],[-49.9348,-26.0317],[-49.9417,-26.0084],[-49.9722,-26.0578],[-49.9641,-26.0248],[-49.9931,-26.0111],[-50.0111,-26.0135],[-50.0058,-26.0448],[-50.0393,-26.0265],[-50.0777,-26.0459],[-50.0843,-26.023],[-50.1206,-26.0639],[-50.1343,-26.043],[-50.1491,-26.0579],[-50.1415,-26.0271],[-50.1714,-26.0247],[-50.182,-26.0339],[-50.1554,-26.0416],[-50.182,-26.0785],[-50.251,-26.0297],[-50.2515,-26.0508],[-50.2678,-26.0421],[-50.3316,-26.0832],[-50.3231,-26.1344],[-50.367,-26.1117],[-50.3711,-26.0797],[-50.4029,-26.0572],[-50.4331,-26.0606],[-50.4592,-26.0266],[-50.5491,-26.0389],[-50.5713,-26.0033],[-50.5917,-26.0421],[-50.5549,-26.0415],[-50.5526,-26.0549],[-50.6279,-26.0626],[-50.6568,-26.1026],[-50.6476,-26.126],[-50.7313,-26.2029],[-50.718,-26.2443],[-50.745,-26.2459],[-50.7579,-26.2212],[-50.7928,-26.2272],[-50.8385,-26.2708],[-50.8686,-26.2418],[-50.8995,-26.2886],[-50.9076,-26.2511],[-50.9345,-26.2334],[-50.9442,-26.282],[-51.0,-26.23],[-51.0547,-26.2445],[-51.0827,-26.2279],[-51.1045,-26.2749],[-51.2079,-26.2966],[-51.2428,-26.3236],[-51.2522,-26.3759],[-51.2973,-26.419],[-51.2774,-26.4578],[-51.2535,-26.463],[-51.2738,-26.4966],[-51.2233,-26.5503],[-51.2282,-26.6155],[-51.2829,-26.6535],[-51.3908,-26.6634],[-51.411,-26.7168],[-51.4066,-26.7001],[-51.4348,-26.6876],[-51.5096,-26.5817],[-51.6146,-26.5905],[-51.6646,-26.5656],[-51.6946,-26.5829],[-51.8182,-26.5796],[-51.8731,-26.5997],[-51.8991,-26.5797],[-52.0107,-26.5661],[-52.0929,-26.5125],[-52.0992,-26.4823],[-52.1573,-26.4714],[-52.1851,-26.4449],[-52.2199,-26.4655],[-52.2823,-26.462],[-52.3045,-26.4403],[-52.3762,-26.4401],[-52.4006,-26.4227],[-52.4608,-26.4394],[-52.5225,-26.4006],[-52.601,-26.4135],[-52.6781,-26.3522],[-52.7373,-26.3417],[-52.95,-26.3618],[-52.9898,-26.3473],[-53.0901,-26.39],[-53.2519,-26.2986],[-53.281,-26.2467],[-53.3054,-26.2593],[-53.3751,-26.2416],[-53.4607,-26.2947],[-53.5512,-26.2923],[-53.586,-26.255],[-53.6426,-26.2523],[-53.6506,-26.1935],[-53.7407,-26.1165],[-53.7343,-26.0427],[-53.8335,-25.9704],[-53.8415,-25.9328],[-53.8233,-25.9279],[-53.819,-25.8984],[-53.8489,-25.8837],[-53.8232,-25.8719],[-53.8487,-25.8356],[-53.8202,-25.816],[-53.8224,-25.7921],[-53.8406,-25.7901],[-53.8308,-25.7822],[-53.8559,-25.7659],[-53.8335,-25.7503],[-53.8639,-25.7409],[-53.8766,-25.708],[-53.8418,-25.6876],[-53.8635,-25.659],[-53.8879,-25.6598],[-53.8921,-25.6221],[-53.9119,-25.6355],[-53.9154,-25.616],[-53.9472,-25.6113],[-53.956,-25.645],[-53.97,-25.5998],[-54.0104,-25.5665],[-54.0496,-25.5845],[-54.0788,-25.5586],[-54.0983,-25.6183],[-54.1226,-25.5708],[-54.0992,-25.4949],[-54.1613,-25.5406],[-54.2061,-25.5424],[-54.178,-25.5843],[-54.23,-25.5624],[-54.2494,-25.5967],[-54.2858,-25.5565],[-54.3278,-25.5717],[-54.3459,-25.6069],[-54.3781,-25.5944],[-54.4291,-25.6948],[-54.4999,-25.614],[-54.5256,-25.6272],[-54.5403,-25.5946],[-54.5931,-25.5918],[-54.6173,-25.4525],[-54.5007,-25.2989],[-54.4662,-25.2013],[-54.4296,-25.1589],[-54.4606,-25.0945],[-54.4413,-24.9486],[-54.3897,-24.7842],[-54.3249,-24.6607],[-54.3268,-24.4704],[-54.2576,-24.3624],[-54.2711,-24.3026],[-54.3227,-24.2495],[-54.3409,-24.1287],[-54.2871,-24.0695],[-54.1292,-23.9816],[-54.0993,-23.946],[-54.0794,-23.8885],[-54.0752,-23.764],[-53.9823,-23.4595],[-53.7706,-23.3717],[-53.7301,-23.3172],[-53.6361,-23.1246],[-53.6336,-22.998],[-53.6069,-22.9509],[-53.5463,-22.8896],[-53.354,-22.7769],[-53.2014,-22.7283],[-53.1047,-22.6215],[-53.0873,-22.6579],[-52.9719,-22.57],[-52.9242,-22.5651],[-52.8578,-22.6075],[-52.8149,-22.5966],[-52.7012,-22.627],[-52.5862,-22.566],[-52.5028,-22.6336],[-52.4348,-22.6069],[-52.3043,-22.636],[-52.2499,-22.6149],[-52.223,-22.6738],[-52.1562,-22.6442],[-52.1609,-22.5973],[-52.1252,-22.5188],[-52.0642,-22.5338]]]]}},{"type":"Feature","properties":{"id":"pb","nome":"Paraíba","sigla":"PB"},"geometry":{"type":"MultiPolygon","coordinates":[[[[-37.2268,-6.0346],[-37.1735,-6.0476],[-37.1747,-6.1418],[-37.1565,-6.1521],[-37.2032,-6.2058],[-37.2511,-6.2261],[-37.2743,-6.281],[-37.3184,-6.28],[-37.3769,-6.344],[-37.3957,-6.4008],[-37.3817,-6.4365],[-37.3965,-6.5138],[-37.4827,-6.55],[-37.4658,-6.6596],[-37.4843,-6.7096],[-37.2833,-6.6935],[-37.2898,-6.7127],[-37.2635,-6.7318],[-37.2727,-6.7671],[-37.2342,-6.8242],[-37.1903,-6.825],[-37.1288,-6.7659],[-37.059,-6.749],[-37.0018,-6.7092],[-36.9772,-6.7215],[-36.9567,-6.7901],[-36.8346,-6.7307],[-36.7723,-6.7867],[-36.769,-6.8384],[-36.7298,-6.836],[-36.7658,-6.9352],[-36.7181,-6.9823],[-36.6877,-6.9266],[-36.6094,-6.9364],[-36.5675,-6.8744],[-36.5694,-6.8476],[-36.5065,-6.8126],[-36.504,-6.7558],[-36.5573,-6.7104],[-36.5241,-6.5993],[-36.4601,-6.634],[-36.4354,-6.6255],[-36.443,-6.5603],[-36.5254,-6.5008],[-36.5288,-6.4467],[-36.4994,-6.3578],[-36.4299,-6.3619],[-36.3941,-6.2936],[-36.3622,-6.3096],[-36.3072,-6.2811],[-36.2794,-6.3085],[-36.2952,-6.393],[-36.2507,-6.404],[-36.2493,-6.437],[-36.1108,-6.4285],[-36.0796,-6.4048],[-35.9772,-6.4885],[-35.7729,-6.4824],[-35.6579,-6.4456],[-35.5585,-6.4924],[-35.5248,-6.4757],[-35.4417,-6.4785],[-35.3303,-6.5439],[-35.2741,-6.5435],[-35.2225,-6.516],[-35.1698,-6.558],[-35.095,-6.4973],[-35.0572,-6.5274],[-34.9705,-6.485],[-34.9617,-6.6398],[-34.9309,-6.688],[-34.9384,-6.7527],[-34.9184,-6.7683],[-34.9022,-6.8649],[-34.8531,-6.8999],[-34.8671,-7.008],[-34.8546,-7.0271],[-34.8297,-6.9662],[-34.8433,-7.0557],[-34.8217,-7.1305],[-34.7931,-7.1541],[-34.8031,-7.4716],[-34.8257,-7.5474],[-34.9321,-7.5281],[-34.9602,-7.5383],[-34.9914,-7.4879],[-34.9867,-7.4626],[-35.0794,-7.3966],[-35.1903,-7.3976],[-35.2433,-7.374],[-35.3345,-7.4064],[-35.3506,-7.4399],[-35.4208,-7.4737],[-35.479,-7.4446],[-35.5028,-7.4557],[-35.5015,-7.512],[-35.5362,-7.5797],[-35.5149,-7.5847],[-35.5312,-7.6213],[-35.514,-7.6425],[-35.5323,-7.6544],[-35.61,-7.6541],[-35.6528,-7.6951],[-35.6996,-7.6915],[-35.7801,-7.7379],[-35.8716,-7.7491],[-35.904,-7.7918],[-35.9695,-7.789],[-35.9976,-7.8129],[-36.0703,-7.7805],[-36.2005,-7.7895],[-36.2162,-7.7637],[-36.252,-7.7935],[-36.2397,-7.8174],[-36.2631,-7.8313],[-36.3041,-7.8079],[-36.4236,-7.8154],[-36.4453,-7.9153],[-36.4797,-7.9244],[-36.5516,-7.8983],[-36.5777,-7.9147],[-36.5763,-7.9592],[-36.6109,-7.9478],[-36.6274,-8.0554],[-36.657,-8.0796],[-36.6282,-8.1106],[-36.6931,-8.1411],[-36.6866,-8.1552],[-36.7224,-8.1506],[-36.7154,-8.1669],[-36.7611,-8.1959],[-36.8036,-8.194],[-36.8955,-8.2404],[-36.9516,-8.296],[-36.9907,-8.3026],[-37.0453,-8.2613],[-37.0879,-8.2551],[-37.1225,-8.2087],[-37.1225,-8.174],[-37.1632,-8.1654],[-37.1436,-8.1239],[-37.1491,-8.0233],[-37.193,-7.9825],[-37.1923,-7.9602],[-37.3555,-7.9745],[-37.349,-7.9479],[-37.3086,-7.9338],[-37.3216,-7.9111],[-37.2443,-7.8739],[-37.2467,-7.8464],[-37.2217,-7.8418],[-37.2432,-7.8186],[-37.1515,-7.7794],[-37.1385,-7.7451],[-37.1947,-7.6516],[-37.1675,-7.5815],[-37.1211,-7.5357],[-36.9838,-7.4817],[-37.0232,-7.4335],[-37.0258,-7.3875],[-37.1649,-7.3362],[-37.1765,-7.3092],[-37.2325,-7.2747],[-37.3312,-7.2893],[-37.3491,-7.3366],[-37.3853,-7.3563],[-37.4965,-7.3671],[-37.4866,-7.3947],[-37.5328,-7.4726],[-37.63,-7.5321],[-37.6593,-7.5223],[-37.7061,-7.5502],[-37.7555,-7.6191],[-37.7384,-7.6598],[-37.7543,-7.6696],[-37.7821,-7.6265],[-37.8581,-7.6532],[-37.9029,-7.6976],[-37.8939,-7.7132],[-37.9202,-7.7129],[-37.971,-7.7769],[-38.0041,-7.7776],[-38.0391,-7.7477],[-38.0691,-7.7723],[-38.0767,-7.8302],[-38.1173,-7.8208],[-38.1636,-7.7795],[-38.2382,-7.8303],[-38.2864,-7.8298],[-38.2994,-7.7628],[-38.3163,-7.7642],[-38.3018,-7.7448],[-38.3116,-7.7159],[-38.3571,-7.6768],[-38.4092,-7.7301],[-38.4566,-7.7177],[-38.4962,-7.7496],[-38.5932,-7.754],[-38.6261,-7.6943],[-38.7179,-7.609],[-38.7106,-7.5862],[-38.6549,-7.5651],[-38.6313,-7.4849],[-38.6445,-7.4596],[-38.6029,-7.4572],[-38.5849,-7.4344],[-38.5952,-7.4142],[-38.5342,-7.2934],[-38.5514,-7.2428],[-38.5947,-7.2461],[-38.6257,-7.1912],[-38.6874,-7.1898],[-38.656,-7.092],[-38.6769,-7.0667],[-38.6695,-7.0473],[-38.7646,-6.9935],[-38.7425,-6.9748],[-38.7648,-6.9476],[-38.7648,-6.9105],[-38.675,-6.8614],[-38.6767,-6.8326],[-38.6138,-6.7828],[-38.6508,-6.7599],[-38.6728,-6.6968],[-38.6468,-6.6636],[-38.6549,-6.6301],[-38.6288,-6.6042],[-38.6425,-6.5808],[-38.6119,-6.5128],[-38.5175,-6.4083],[-38.5298,-6.393],[-38.5729,-6.4034],[-38.6017,-6.3892],[-38.5446,-6.3442],[-38.505,-6.3561],[-38.4572,-6.3293],[-38.4895,-6.3648],[-38.4858,-6.3984],[-38.4007,-6.4096],[-38.3733,-6.4554],[-38.3292,-6.4596],[-38.2883,-6.5052],[-38.2388,-6.4799],[-38.1871,-6.4988],[-38.1475,-6.4911],[-38.1153,-6.5213],[-38.0511,-6.442],[-38.0403,-6.4727],[-38.0123,-6.4679],[-38.0133,-6.427],[-37.9787,-6.4263],[-37.955,-6.3978],[-37.9276,-6.4211],[-37.8859,-6.3966],[-37.8878,-6.364],[-37.8411,-6.3626],[-37.8428,-6.3327],[-37.81,-6.2913],[-37.7573,-6.2904],[-37.776,-6.2454],[-37.7488,-6.1934],[-37.7087,-6.1769],[-37.6463,-6.189],[-37.5692,-6.1551],[-37.5396,-6.1655],[-37.4586,-6.1446],[-37.4453,-6.1118],[-37.3932,-6.109],[-37.3784,-6.0847],[-37.2985,-6.0498],[-37.2721,-6.0553],[-37.2547,-6.0279],[-37.2268,-6.0346]]],[[[-34.8616,-6.982],[-34.847,-6.9855],[-34.8599,-7.0136],[-34.8616,-6.982]]]]}},{"type":"Feature","properties":{"id":"pa","nome":"Pará","sigla":"PA"},"geometry":{"type":"MultiPolygon","coordinates":[[[[-46.9515,-0.7341],[-46.9796,-0.777],[-46.9492,-0.7896],[-46.9322,-0.846],[-46.9554,-0.8608],[-46.9171,-0.8755],[-46.9115,-0.8179],[-46.8803,-0.8124],[-46.8839,-0.7693],[-46.8576,-0.769],[-46.8466,-0.7464],[-46.8637,-0.7406],[-46.8452,-0.7354],[-46.8294,-0.7565],[-46.8314,-0.7922],[-46.8566,-0.7933],[-46.8332,-0.8032],[-46.8572,-0.8343],[-46.8338,-0.8272],[-46.8502,-0.864],[-46.8163,-0.8284],[-46.8264,-0.8953],[-46.8013,-0.8619],[-46.7885,-0.9],[-46.7939,-0.8447],[-46.7832,-0.8337],[-46.7653,-0.8511],[-46.7659,-0.8172],[-46.7469,-0.8282],[-46.733,-0.894],[-46.7459,-0.9201],[-46.7215,-0.8957],[-46.7211,-0.8267],[-46.7032,-0.8213],[-46.6736,-0.8613],[-46.6853,-0.8065],[-46.6618,-0.8119],[-46.6637,-0.7866],[-46.6377,-0.7879],[-46.6481,-0.7976],[-46.6085,-0.8418],[-46.629,-0.8472],[-46.6259,-0.8718],[-46.6447,-0.8685],[-46.6343,-0.9283],[-46.6833,-0.9519],[-46.6749,-0.9759],[-46.6014,-0.951],[-46.5805,-0.9737],[-46.5506,-0.9036],[-46.5367,-0.9773],[-46.5105,-0.8839],[-46.4843,-0.8728],[-46.4663,-0.8946],[-46.4492,-0.8621],[-46.4266,-0.8576],[-46.4228,-0.8911],[-46.4561,-0.8993],[-46.4834,-0.9307],[-46.4655,-0.9424],[-46.4996,-0.9729],[-46.4639,-0.9758],[-46.4641,-0.9994],[-46.4861,-1.0001],[-46.4683,-1.0529],[-46.4607,-1.0172],[-46.4125,-1.0195],[-46.4283,-1.0651],[-46.4084,-1.0614],[-46.4188,-0.9961],[-46.39,-0.9868],[-46.3749,-1.052],[-46.3772,-1.0188],[-46.3442,-0.9963],[-46.3334,-1.0368],[-46.3485,-1.0723],[-46.3051,-1.0839],[-46.3328,-1.0614],[-46.3169,-1.014],[-46.2982,-1.0268],[-46.3006,-1.0548],[-46.2835,-1.0475],[-46.3068,-1.009],[-46.2673,-0.9956],[-46.2866,-0.9823],[-46.243,-0.9282],[-46.2693,-0.9287],[-46.2645,-0.9174],[-46.2042,-0.886],[-46.1897,-0.8941],[-46.1868,-0.9329],[-46.2096,-0.9301],[-46.22,-0.9516],[-46.2023,-0.9502],[-46.2034,-0.9683],[-46.2519,-0.9973],[-46.2146,-0.9793],[-46.2223,-1.0208],[-46.2062,-1.0393],[-46.2724,-1.1716],[-46.1936,-1.0661],[-46.1712,-0.9925],[-46.1553,-1.0032],[-46.1557,-1.0494],[-46.2049,-1.1312],[-46.1837,-1.1277],[-46.1723,-1.1551],[-46.1816,-1.1195],[-46.1653,-1.0831],[-46.1484,-1.1348],[-46.1472,-1.0674],[-46.0725,-1.0185],[-46.1003,-1.0706],[-46.0723,-1.1074],[-46.0978,-1.1957],[-46.1507,-1.2244],[-46.1403,-1.2492],[-46.1625,-1.278],[-46.1289,-1.3337],[-46.1038,-1.3366],[-46.1556,-1.4212],[-46.1391,-1.4441],[-46.1762,-1.475],[-46.1421,-1.5209],[-46.1316,-1.5785],[-46.1596,-1.6242],[-46.1532,-1.6756],[-46.2178,-1.7267],[-46.3047,-1.7274],[-46.3236,-1.7652],[-46.3066,-1.8039],[-46.2289,-1.8003],[-46.2096,-1.8335],[-46.2422,-1.881],[-46.2255,-1.8813],[-46.2182,-1.9129],[-46.273,-2.0584],[-46.2685,-2.1115],[-46.2966,-2.1429],[-46.2802,-2.1526],[-46.3761,-2.247],[-46.4319,-2.2395],[-46.4214,-2.2892],[-46.4644,-2.371],[-46.4539,-2.3833],[-46.4266,-2.359],[-46.4084,-2.3698],[-46.4396,-2.4125],[-46.4353,-2.51],[-46.416,-2.5291],[-46.4917,-2.5354],[-46.5046,-2.6146],[-46.5744,-2.6284],[-46.5933,-2.665],[-46.6056,-2.6388],[-46.6215,-2.6442],[-46.6356,-2.6861],[-46.6635,-2.6938],[-46.6698,-2.7304],[-46.6355,-2.7542],[-46.6362,-2.7933],[-46.6019,-2.7888],[-46.5754,-2.841],[-46.6135,-2.8286],[-46.61,-2.8546],[-46.64,-2.8526],[-46.6404,-2.8809],[-46.6792,-2.8814],[-46.6534,-2.9307],[-46.6712,-2.9468],[-46.6475,-2.9714],[-46.6614,-2.9728],[-46.6517,-2.9962],[-46.6722,-2.9969],[-46.6794,-3.0932],[-46.7064,-3.0978],[-46.7101,-3.128],[-46.7193,-3.1085],[-46.7474,-3.1205],[-46.7234,-3.1508],[-46.752,-3.1869],[-46.7733,-3.1754],[-46.7557,-3.2157],[-46.807,-3.2415],[-46.8036,-3.2634],[-46.8236,-3.2689],[-46.8091,-3.2789],[-46.8274,-3.2922],[-46.813,-3.3092],[-46.9421,-3.3749],[-46.9485,-3.4769],[-46.9689,-3.4735],[-46.9766,-3.5257],[-47.0374,-3.5625],[-47.0297,-3.6001],[-47.0558,-3.6462],[-47.0361,-3.6711],[-47.0517,-3.681],[-47.0877,-3.8551],[-47.1697,-3.9215],[-47.1932,-3.9776],[-47.2359,-3.994],[-47.2939,-4.0525],[-47.3185,-4.0466],[-47.3503,-4.1163],[-47.3418,-4.177],[-47.365,-4.1793],[-47.3792,-4.2201],[-47.3721,-4.2445],[-47.473,-4.3141],[-47.4757,-4.3546],[-47.581,-4.5196],[-47.6795,-4.6082],[-47.7895,-4.5851],[-48.3958,-5.07],[-48.4342,-5.0763],[-48.4337,-5.0959],[-48.7547,-5.3488],[-48.7451,-5.3694],[-48.65,-5.3845],[-48.5909,-5.4214],[-48.5103,-5.4293],[-48.3843,-5.3938],[-48.3003,-5.5226],[-48.1377,-5.6023],[-48.1351,-5.6373],[-48.1739,-5.7088],[-48.2721,-5.7251],[-48.2941,-5.7563],[-48.2885,-5.8426],[-48.2323,-5.9167],[-48.2312,-5.9458],[-48.3066,-5.9745],[-48.3343,-6.0039],[-48.3323,-6.0379],[-48.2854,-6.07],[-48.2917,-6.1037],[-48.4315,-6.1769],[-48.4167,-6.2982],[-48.3749,-6.3464],[-48.3822,-6.3792],[-48.4473,-6.3508],[-48.4998,-6.3506],[-48.6127,-6.4534],[-48.6629,-6.5574],[-48.6515,-6.6396],[-48.6644,-6.6624],[-48.8137,-6.7514],[-49.0184,-6.7838],[-49.209,-6.925],[-49.1848,-7.2348],[-49.231,-7.3254],[-49.3775,-7.4961],[-49.3836,-7.5431],[-49.3228,-7.6814],[-49.1501,-7.8018],[-49.1816,-7.9766],[-49.1757,-8.0542],[-49.1989,-8.0872],[-49.2154,-8.1938],[-49.2829,-8.3792],[-49.3766,-8.4549],[-49.4094,-8.5796],[-49.451,-8.6121],[-49.592,-8.8391],[-49.6839,-8.8561],[-49.7446,-8.9058],[-49.8421,-9.0269],[-49.9072,-9.1734],[-49.9657,-9.2305],[-49.9936,-9.2337],[-50.0045,-9.2684],[-50.0373,-9.289],[-50.0524,-9.3723],[-50.1049,-9.475],[-50.0891,-9.5453],[-50.2243,-9.8408],[-53.1329,-9.6445],[-56.6714,-9.367],[-56.7538,-9.406],[-56.8196,-9.246],[-56.9517,-9.2227],[-56.995,-9.2335],[-57.0573,-9.1838],[-57.0599,-9.1367],[-57.0387,-9.0979],[-57.0941,-9.0167],[-57.1378,-8.9942],[-57.1923,-8.9297],[-57.3802,-8.8807],[-57.4162,-8.8576],[-57.4271,-8.7829],[-57.463,-8.7844],[-57.5299,-8.7478],[-57.5924,-8.7561],[-57.6217,-8.5908],[-57.6481,-8.576],[-57.6332,-8.5235],[-57.6585,-8.5],[-57.6509,-8.4707],[-57.6863,-8.4137],[-57.6683,-8.3709],[-57.6788,-8.3178],[-57.6428,-8.2133],[-57.6667,-8.1761],[-57.7146,-8.1576],[-57.7279,-8.0938],[-57.8283,-7.9725],[-57.8345,-7.8824],[-57.8733,-7.8008],[-57.8976,-7.6756],[-57.939,-7.6528],[-57.9721,-7.5342],[-58.0585,-7.4],[-58.1364,-7.3561],[-58.1695,-7.3128],[-58.1676,-7.231],[-58.209,-7.1339],[-58.2877,-7.0613],[-58.3383,-6.9836],[-58.3797,-6.9701],[-58.434,-6.9084],[-58.4812,-6.7811],[-58.4779,-6.6992],[-58.4268,-6.6158],[-58.3494,-6.562],[-58.3251,-6.4989],[-58.262,-6.4686],[-56.4017,-2.4563],[-56.4651,-2.4228],[-56.3838,-2.2701],[-56.2198,-2.1955],[-56.0981,-2.0267],[-56.2279,-2.0559],[-56.297,-2.1005],[-56.3163,-2.1398],[-56.3691,-2.1372],[-56.4134,-2.1756],[-56.4437,-2.1536],[-56.4774,-2.17],[-56.5266,-2.1389],[-56.5691,-2.1744],[-56.5973,-2.1746],[-56.6124,-2.2098],[-56.6786,-2.2122],[-56.7073,-2.1836],[-56.768,-2.1654],[-56.7229,-2.067],[-56.734,-2.0217],[-56.8585,-2.0156],[-56.8969,-1.9759],[-56.9523,-1.9599],[-56.9878,-1.9068],[-57.0367,-1.9112],[-57.0731,-1.8313],[-57.0634,-1.8082],[-57.0973,-1.7748],[-57.1153,-1.7914],[-57.1289,-1.7638],[-57.1627,-1.7682],[-57.1644,-1.7205],[-57.1939,-1.7274],[-57.2032,-1.7106],[-57.2302,-1.7256],[-57.2534,-1.696],[-57.305,-1.7299],[-57.3466,-1.7137],[-57.3516,-1.7328],[-57.3726,-1.7138],[-57.3922,-1.7227],[-57.4029,-1.6752],[-57.4271,-1.6915],[-57.4382,-1.6662],[-57.4747,-1.6777],[-57.5067,-1.6409],[-57.5283,-1.6524],[-57.5247,-1.6264],[-57.5929,-1.5994],[-57.6021,-1.57],[-57.6782,-1.594],[-57.7063,-1.5756],[-57.7126,-1.5038],[-57.7832,-1.5077],[-57.8235,-1.4394],[-57.9116,-1.4283],[-57.9202,-1.4025],[-57.9598,-1.4012],[-57.955,-1.3827],[-58.0004,-1.3298],[-57.9638,-1.2229],[-57.9715,-1.1622],[-58.0066,-1.1454],[-58.017,-1.1058],[-58.0813,-1.1262],[-58.0814,-1.1472],[-58.1232,-1.1643],[-58.1188,-1.186],[-58.1621,-1.2293],[-58.2543,-1.1323],[-58.3228,-1.143],[-58.3608,-1.1048],[-58.368,-1.0657],[-58.4296,-1.0268],[-58.4102,-0.981],[-58.4503,-0.9258],[-58.4355,-0.8831],[-58.487,-0.8594],[-58.4915,-0.8315],[-58.5117,-0.8394],[-58.5601,-0.8043],[-58.6344,-0.7186],[-58.7047,-0.6786],[-58.7335,-0.6113],[-58.7096,-0.5382],[-58.7349,-0.4712],[-58.7247,-0.4419],[-58.8715,-0.3427],[-58.8805,-0.1963],[-58.8626,-0.1606],[-58.8634,-0.0777],[-58.8978,-0.0176],[-58.8949,1.2282],[-58.8206,1.1715],[-58.739,1.2005],[-58.7049,1.2941],[-58.6641,1.2791],[-58.6282,1.2899],[-58.5849,1.2626],[-58.5647,1.2957],[-58.5224,1.2584],[-58.5124,1.278],[-58.4957,1.2684],[-58.4574,1.3719],[-58.5046,1.4036],[-58.5082,1.4633],[-58.3851,1.4704],[-58.3713,1.482],[-58.3921,1.502],[-58.389,1.5358],[-58.3635,1.5384],[-58.3219,1.5975],[-58.3165,1.5706],[-58.2618,1.5712],[-58.2357,1.5474],[-58.1925,1.5727],[-58.1604,1.5606],[-58.1491,1.5104],[-58.1289,1.4994],[-58.0694,1.508],[-58.0604,1.5258],[-58.0037,1.5035],[-57.978,1.5733],[-57.9807,1.634],[-58.0021,1.6461],[-57.9895,1.6597],[-57.9129,1.6481],[-57.8945,1.6748],[-57.8518,1.6685],[-57.8448,1.6885],[-57.7975,1.6884],[-57.7915,1.7281],[-57.7742,1.7297],[-57.7179,1.7159],[-57.7051,1.7315],[-57.6499,1.6828],[-57.6215,1.7002],[-57.5371,1.701],[-57.5407,1.7208],[-57.5137,1.7235],[-57.5013,1.7866],[-57.4373,1.8273],[-57.4329,1.9065],[-57.3691,1.924],[-57.3562,1.9447],[-57.3686,1.9568],[-57.3451,1.9807],[-57.3127,1.9777],[-57.3043,1.9996],[-57.2305,1.9384],[-57.1994,1.9791],[-57.0861,2.0281],[-57.064,1.9573],[-57.0303,1.9459],[-57.0137,1.9154],[-56.9759,1.9036],[-56.9192,1.9308],[-56.8867,1.896],[-56.8315,1.8891],[-56.7908,1.8529],[-56.7204,1.9263],[-56.6549,1.9166],[-56.6209,1.9464],[-56.5758,1.9079],[-56.4507,1.9567],[-56.3964,1.9238],[-56.3344,1.9376],[-56.2481,1.8789],[-56.2339,1.8991],[-56.173,1.899],[-56.117,1.8515],[-55.9983,1.8319],[-55.956,1.8451],[-55.9033,1.8886],[-55.9353,1.9861],[-55.9131,1.9911],[-55.9025,2.0416],[-55.9322,2.0584],[-55.9287,2.0792],[-55.9661,2.089],[-56.0025,2.1681],[-56.0545,2.1852],[-56.0423,2.2283],[-56.1383,2.2663],[-56.0932,2.3218],[-56.0894,2.3729],[-56.0483,2.3354],[-56.0213,2.343],[-56.0394,2.3668],[-55.9866,2.422],[-56.0108,2.4534],[-55.9792,2.4856],[-55.9912,2.5094],[-55.9776,2.5278],[-55.9236,2.5311],[-55.8378,2.4632],[-55.7688,2.4568],[-55.7472,2.4125],[-55.7173,2.4025],[-55.6978,2.422],[-55.6311,2.4172],[-55.4992,2.4437],[-55.3848,2.4189],[-55.3451,2.4485],[-55.3557,2.476],[-55.3197,2.5158],[-55.2342,2.5038],[-55.1723,2.5598],[-55.1229,2.5681],[-55.1025,2.5261],[-55.0032,2.5914],[-54.9537,2.5841],[-54.8742,2.4156],[-54.8071,2.342],[-54.7938,2.313],[-54.8109,2.2667],[-54.7626,2.2026],[-54.8058,2.1392],[-54.8123,2.0631],[-54.7533,1.9675],[-54.7711,1.9408],[-54.7335,1.8323],[-54.7539,1.7981],[-54.7443,1.7761],[-54.6707,1.766],[-54.5704,1.7848],[-54.5081,1.7486],[-54.4242,1.7608],[-54.387,1.7455],[-54.3772,1.764],[-54.3088,1.7414],[-54.1906,1.6252],[-54.1817,1.6584],[-54.1432,1.6409],[-54.1279,1.5916],[-54.1015,1.5909],[-54.117,1.5585],[-54.0841,1.5266],[-54.086,1.4886],[-54.0241,1.5002],[-54.0271,1.5171],[-54.0086,1.52],[-53.997,1.4761],[-53.9283,1.4695],[-53.9354,1.4365],[-53.8955,1.4554],[-53.8763,1.4358],[-53.8823,1.4011],[-53.8438,1.4066],[-53.8499,1.3922],[-53.8079,1.3919],[-53.8223,1.4141],[-53.8035,1.4238],[-53.7318,1.3866],[-53.7167,1.4321],[-53.6953,1.4185],[-53.711,1.3843],[-53.6665,1.3734],[-53.6498,1.4086],[-53.643,1.3642],[-53.6626,1.3498],[-53.6505,1.3365],[-53.5947,1.3585],[-53.5702,1.3376],[-53.5381,1.3412],[-53.5329,1.3227],[-53.5622,1.3069],[-53.5228,1.2617],[-53.5458,1.2288],[-53.5355,1.2126],[-53.426,1.243],[-53.3994,1.1587],[-53.4439,1.1516],[-53.4591,1.1278],[-53.4553,1.0777],[-53.4218,1.0341],[-53.411,0.9297],[-53.1898,0.7687],[-53.1434,0.6966],[-53.1058,0.6843],[-53.153,0.5768],[-53.1693,0.4941],[-53.1547,0.4805],[-53.1593,0.4084],[-53.1748,0.382],[-53.0936,0.2593],[-53.1059,0.2321],[-53.0938,0.1956],[-53.0517,0.1577],[-53.0107,0.0954],[-53.0145,0.06],[-52.9768,0.0241],[-52.9332,-0.1392],[-52.8511,-0.1498],[-52.8356,-0.1858],[-52.6896,-0.3026],[-52.6981,-0.3868],[-52.6787,-0.4233],[-52.7022,-0.4589],[-52.6395,-0.5846],[-52.6125,-0.5946],[-52.5347,-0.5738],[-52.5227,-0.5887],[-52.4974,-0.7304],[-52.5223,-0.7914],[-52.5094,-0.8131],[-52.5382,-0.8545],[-52.455,-0.8299],[-52.4027,-0.8768],[-52.4043,-0.9125],[-52.439,-0.935],[-52.414,-1.0089],[-52.4266,-1.0505],[-52.3577,-1.0623],[-52.3325,-1.1156],[-52.1198,-1.1459],[-52.0999,-1.2262],[-52.0542,-1.2339],[-52.0619,-1.184],[-51.9907,-1.1715],[-51.9849,-1.1211],[-51.9651,-1.1255],[-51.9566,-1.1689],[-51.9255,-1.132],[-51.8868,-1.1661],[-51.8086,-1.1568],[-51.7039,-1.0674],[-51.6868,-1.0357],[-51.6787,-0.7849],[-51.5951,-0.6501],[-51.4573,-0.5129],[-51.4203,-0.4287],[-51.362,-0.3678],[-51.3473,-0.2993],[-51.2159,-0.1183],[-51.0845,-0.0872],[-50.9337,0.07],[-50.7843,0.1124],[-50.6677,0.1854],[-50.5557,0.307],[-50.4361,0.6004],[-50.3468,0.6672],[-50.157,0.7054],[-50.0935,0.7024],[-50.0916,0.6475],[-50.0404,0.5739],[-50.0608,0.3388],[-49.9029,0.3113],[-49.7627,0.3494],[-49.7385,0.3229],[-49.7417,0.3498],[-49.6772,0.3663],[-49.6154,0.3135],[-49.4751,0.0793],[-49.387,0.0413],[-49.3965,0.0161],[-49.0076,-0.1604],[-48.9303,-0.2256],[-48.7927,-0.2197],[-48.7024,-0.2568],[-48.6374,-0.2316],[-48.5079,-0.2441],[-48.4723,-0.2315],[-48.4118,-0.2569],[-48.3837,-0.301],[-48.3901,-0.3629],[-48.4333,-0.403],[-48.4721,-0.4988],[-48.0,-0.664],[-47.9893,-0.7057],[-47.9618,-0.6364],[-47.9191,-0.6289],[-47.9021,-0.6022],[-47.8972,-0.5525],[-47.8643,-0.5563],[-47.8417,-0.5863],[-47.8708,-0.6771],[-47.8483,-0.667],[-47.8405,-0.6799],[-47.8236,-0.6662],[-47.8144,-0.5608],[-47.7904,-0.5535],[-47.7987,-0.5888],[-47.7677,-0.5849],[-47.7671,-0.6373],[-47.749,-0.5937],[-47.7633,-0.5651],[-47.7035,-0.5349],[-47.6983,-0.5928],[-47.6623,-0.5802],[-47.6362,-0.6032],[-47.6396,-0.6888],[-47.626,-0.701],[-47.5801,-0.6378],[-47.579,-0.581],[-47.5419,-0.6043],[-47.4876,-0.7646],[-47.4661,-0.7517],[-47.4816,-0.6211],[-47.4743,-0.5961],[-47.4439,-0.5889],[-47.4142,-0.5989],[-47.4251,-0.655],[-47.3699,-0.631],[-47.3799,-0.6081],[-47.3221,-0.5938],[-47.2827,-0.6066],[-47.2926,-0.6454],[-47.259,-0.6514],[-47.2617,-0.6261],[-47.2121,-0.6372],[-47.199,-0.6646],[-47.2141,-0.6855],[-47.2408,-0.6841],[-47.2433,-0.7069],[-47.1945,-0.6991],[-47.1843,-0.6646],[-47.1606,-0.6674],[-47.1697,-0.7762],[-47.1495,-0.7144],[-47.1399,-0.7277],[-47.1409,-0.6875],[-47.0883,-0.6623],[-47.0683,-0.7042],[-47.0874,-0.7136],[-47.0692,-0.7302],[-47.0892,-0.7489],[-47.0729,-0.7446],[-47.0663,-0.7762],[-47.0495,-0.7112],[-47.0573,-0.8059],[-47.028,-0.8025],[-47.0487,-0.7789],[-47.0407,-0.729],[-47.0298,-0.7405],[-46.9715,-0.7038],[-46.9515,-0.7341]]],[[[-46.4014,-0.9523],[-46.437,-0.9861],[-46.4159,-0.9322],[-46.4014,-0.9523]]],[[[-46.0751,-1.0669],[-46.0662,-1.1048],[-46.0903,-1.0686],[-46.0751,-1.0669]]],[[[-47.0341,-0.6951],[-47.0051,-0.7003],[-47.0332,-0.7079],[-47.0341,-0.6951]]],[[[-46.3751,-0.9959],[-46.375,-1.0041],[-46.3749,-1.0111],[-46.3808,-1.013],[-46.3841,-1.0071],[-46.3837,-1.0034],[-46.3828,-0.9941],[-46.3741,-0.9872],[-46.3704,-0.9911],[-46.3751,-0.9959]]],[[[-47.843,-0.6624],[-47.8412,-0.6577],[-47.8331,-0.6538],[-47.8313,-0.659],[-47.8333,-0.6616],[-47.8365,-0.6613],[-47.8369,-0.6664],[-47.8404,-0.6685],[-47.843,-0.6624]]],[[[-46.4442,-1.0099],[-46.4461,-1.01],[-46.4505,-1.0091],[-46.4372,-1.0011],[-46.435,-1.0037],[-46.4355,-1.0079],[-46.4357,-1.0092],[-46.4442,-1.0099]]],[[[-46.3267,-0.9503],[-46.3226,-0.9449],[-46.3165,-0.9461],[-46.3154,-0.95],[-46.3187,-0.949],[-46.3223,-0.9512],[-46.3183,-0.9539],[-46.3232,-0.9563],[-46.3267,-0.9503]]],[[[-46.6078,-0.8308],[-46.6061,-0.8252],[-46.6009,-0.8262],[-46.6003,-0.8301],[-46.6053,-0.8325],[-46.6078,-0.8308]]],[[[-46.6082,-0.8589],[-46.6065,-0.8533],[-46.6013,-0.8543],[-46.6007,-0.8582],[-46.6056,-0.8606],[-46.6082,-0.8589]]],[[[-47.0347,-0.7204],[-47.043,-0.722],[-47.0442,-0.7193],[-47.0408,-0.7185],[-47.0371,-0.7167],[-47.0322,-0.718],[-47.0347,-0.7204]]],[[[-46.468,-0.9639],[-46.475,-0.9642],[-46.4688,-0.9577],[-46.4651,-0.9595],[-46.468,-0.9639]]],[[[-46.2064,-0.9408],[-46.2027,-0.9364],[-46.199,-0.9403],[-46.2064,-0.9408]]],[[[-46.9542,-0.7404],[-46.9515,-0.7341],[-46.9493,-0.7387],[-46.9542,-0.7404]]],[[[-47.0217,-0.7154],[-47.0168,-0.7132],[-47.0187,-0.7175],[-47.0217,-0.7154]]],[[[-46.2701,-0.9335],[-46.2658,-0.9329],[-46.2671,-0.9364],[-46.2701,-0.9335]]]]}},{"type":"Feature","properties":{"id":"pe","nome":"Pernambuco","sigla":"PE"},"geometry":{"type":"MultiPolygon","coordinates":[[[[-37.1765,-7.3092],[-37.1649,-7.3362],[-37.0258,-7.3875],[-37.0232,-7.4335],[-36.9838,-7.4817],[-37.1211,-7.5357],[-37.1675,-7.5815],[-37.1947,-7.6516],[-37.1385,-7.7451],[-37.1515,-7.7794],[-37.2432,-7.8186],[-37.2217,-7.8418],[-37.2467,-7.8464],[-37.2443,-7.8739],[-37.3216,-7.9111],[-37.3086,-7.9338],[-37.349,-7.9479],[-37.3555,-7.9745],[-37.1923,-7.9602],[-37.193,-7.9825],[-37.1491,-8.0233],[-37.1436,-8.1239],[-37.1632,-8.1654],[-37.1225,-8.174],[-37.1225,-8.2087],[-37.0879,-8.2551],[-37.0453,-8.2613],[-36.9907,-8.3026],[-36.9516,-8.296],[-36.8955,-8.2404],[-36.8036,-8.194],[-36.7611,-8.1959],[-36.7154,-8.1669],[-36.7224,-8.1506],[-36.6866,-8.1552],[-36.6931,-8.1411],[-36.6282,-8.1106],[-36.657,-8.0796],[-36.6274,-8.0554],[-36.6109,-7.9478],[-36.5763,-7.9592],[-36.5777,-7.9147],[-36.5516,-7.8983],[-36.4797,-7.9244],[-36.4453,-7.9153],[-36.4236,-7.8154],[-36.3041,-7.8079],[-36.2631,-7.8313],[-36.2397,-7.8174],[-36.252,-7.7935],[-36.2162,-7.7637],[-36.2005,-7.7895],[-36.0703,-7.7805],[-35.9976,-7.8129],[-35.9695,-7.789],[-35.904,-7.7918],[-35.8716,-7.7491],[-35.7801,-7.7379],[-35.6996,-7.6915],[-35.6528,-7.6951],[-35.61,-7.6541],[-35.5323,-7.6544],[-35.514,-7.6425],[-35.5312,-7.6213],[-35.5149,-7.5847],[-35.5362,-7.5797],[-35.5015,-7.512],[-35.5028,-7.4557],[-35.479,-7.4446],[-35.4208,-7.4737],[-35.3506,-7.4399],[-35.3345,-7.4064],[-35.2433,-7.374],[-35.1903,-7.3976],[-35.0794,-7.3966],[-34.9867,-7.4626],[-34.9914,-7.4879],[-34.9602,-7.5383],[-34.8398,-7.5433],[-34.807,-7.625],[-34.8458,-7.6883],[-34.8225,-7.7431],[-34.8473,-7.8155],[-34.8191,-7.9174],[-34.8373,-8.0057],[-34.8644,-8.04],[-34.9396,-8.2541],[-34.94,-8.3513],[-34.9606,-8.3656],[-34.9978,-8.4854],[-35.0042,-8.5656],[-35.03,-8.5729],[-35.0665,-8.6439],[-35.0858,-8.7465],[-35.1314,-8.8261],[-35.152,-8.913],[-35.1762,-8.8884],[-35.4504,-8.841],[-35.4671,-8.8146],[-35.5347,-8.8191],[-35.6296,-8.8792],[-35.7479,-8.9167],[-35.7825,-8.8973],[-35.7871,-8.8507],[-35.8445,-8.8721],[-35.8957,-8.8538],[-35.9647,-8.9025],[-36.0635,-8.9149],[-36.1265,-8.9556],[-36.111,-9.0172],[-36.1953,-9.0444],[-36.236,-9.1031],[-36.2664,-9.102],[-36.2245,-9.1706],[-36.3095,-9.1723],[-36.3653,-9.2222],[-36.4194,-9.2291],[-36.4366,-9.2117],[-36.5029,-9.2706],[-36.5714,-9.2922],[-36.5669,-9.3314],[-36.6038,-9.3406],[-36.6934,-9.2749],[-36.7583,-9.271],[-36.7967,-9.2926],[-36.8678,-9.2681],[-36.9154,-9.2986],[-36.93,-9.3696],[-36.952,-9.3821],[-37.003,-9.3522],[-37.0239,-9.3153],[-37.0585,-9.3174],[-37.0568,-9.2814],[-37.1059,-9.2394],[-37.1639,-9.2753],[-37.1585,-9.2387],[-37.1981,-9.2151],[-37.2339,-9.2397],[-37.2428,-9.1856],[-37.3151,-9.0939],[-37.4336,-9.0293],[-37.469,-9.0273],[-37.4933,-9.0002],[-37.4898,-8.9653],[-37.5834,-8.9698],[-37.6432,-9.0179],[-37.6612,-8.9869],[-37.6984,-8.9921],[-37.6842,-8.9667],[-37.7599,-8.8572],[-37.8287,-8.8934],[-37.8387,-8.978],[-37.9789,-9.148],[-38.0919,-9.1723],[-38.1435,-9.2178],[-38.1786,-9.2892],[-38.2371,-9.3293],[-38.2871,-9.2167],[-38.2872,-9.1735],[-38.3183,-9.1406],[-38.3042,-9.0964],[-38.3255,-9.0776],[-38.2897,-9.0469],[-38.296,-9.0225],[-38.3202,-8.9907],[-38.4081,-9.0381],[-38.483,-9.0011],[-38.5191,-8.9479],[-38.4729,-8.8891],[-38.4794,-8.8497],[-38.5511,-8.8223],[-38.5708,-8.8312],[-38.6034,-8.8802],[-38.6088,-8.9524],[-38.6403,-8.9869],[-38.6861,-8.9506],[-38.7062,-8.8619],[-38.7984,-8.7924],[-38.8677,-8.7835],[-38.953,-8.8031],[-39.0321,-8.7369],[-39.1687,-8.6918],[-39.2235,-8.7109],[-39.2823,-8.5677],[-39.3834,-8.5332],[-39.6072,-8.6556],[-39.6908,-8.6619],[-39.6719,-8.7789],[-39.6915,-8.7968],[-39.7474,-8.7936],[-39.7886,-8.8187],[-39.8943,-8.8313],[-39.9015,-8.8603],[-39.8736,-8.9309],[-39.9576,-9.0482],[-40.0653,-9.0628],[-40.1283,-9.1092],[-40.1646,-9.1061],[-40.2273,-9.0557],[-40.2503,-9.0601],[-40.2863,-9.1169],[-40.2854,-9.1815],[-40.3347,-9.3535],[-40.371,-9.3783],[-40.4205,-9.3522],[-40.4679,-9.4201],[-40.529,-9.4137],[-40.5619,-9.461],[-40.6228,-9.4825],[-40.7218,-9.4455],[-40.7763,-9.454],[-40.7646,-9.4128],[-40.7423,-9.4003],[-40.7369,-9.3365],[-40.7551,-9.3133],[-40.6862,-9.2764],[-40.6941,-9.2331],[-40.667,-9.1587],[-40.8196,-9.08],[-40.8512,-8.9521],[-40.921,-8.835],[-40.9461,-8.8446],[-40.9787,-8.823],[-41.0209,-8.8432],[-41.0359,-8.7855],[-41.1014,-8.7816],[-41.1242,-8.7523],[-41.1133,-8.7036],[-41.2266,-8.7043],[-41.2811,-8.7357],[-41.3579,-8.7072],[-41.3095,-8.6914],[-41.2872,-8.6606],[-41.217,-8.6451],[-41.2116,-8.602],[-41.1688,-8.5829],[-41.1483,-8.5335],[-41.1272,-8.5407],[-41.0976,-8.5204],[-41.0786,-8.4721],[-41.0507,-8.4801],[-41.0386,-8.4314],[-40.9998,-8.4003],[-40.9805,-8.398],[-40.9263,-8.4458],[-40.9024,-8.4227],[-40.8933,-8.3574],[-40.837,-8.3807],[-40.8191,-8.3215],[-40.7795,-8.3015],[-40.7824,-8.2547],[-40.7089,-8.2232],[-40.6326,-8.1392],[-40.5894,-8.1376],[-40.6035,-8.1032],[-40.5438,-7.9642],[-40.5434,-7.8352],[-40.6732,-7.7613],[-40.644,-7.6073],[-40.694,-7.5376],[-40.7129,-7.4729],[-40.5481,-7.3923],[-40.319,-7.374],[-40.2717,-7.3917],[-40.2461,-7.4333],[-39.9611,-7.3886],[-39.9152,-7.3378],[-39.6622,-7.3102],[-39.3172,-7.5409],[-39.2776,-7.6066],[-39.3033,-7.6282],[-39.3065,-7.6647],[-39.2716,-7.6601],[-39.2522,-7.7045],[-39.2077,-7.6892],[-39.1353,-7.723],[-39.1022,-7.7707],[-39.0909,-7.8578],[-39.0534,-7.8189],[-39.0175,-7.8135],[-39.001,-7.8397],[-38.9657,-7.8446],[-38.9392,-7.7584],[-38.881,-7.747],[-38.8694,-7.7111],[-38.8303,-7.72],[-38.8193,-7.6644],[-38.7424,-7.6599],[-38.7147,-7.6215],[-38.6417,-7.6773],[-38.5932,-7.754],[-38.4962,-7.7496],[-38.4566,-7.7177],[-38.4092,-7.7301],[-38.3571,-7.6768],[-38.3116,-7.7159],[-38.3018,-7.7448],[-38.3163,-7.7642],[-38.2994,-7.7628],[-38.2864,-7.8298],[-38.2382,-7.8303],[-38.1636,-7.7795],[-38.1173,-7.8208],[-38.0767,-7.8302],[-38.0691,-7.7723],[-38.0391,-7.7477],[-38.0041,-7.7776],[-37.971,-7.7769],[-37.9202,-7.7129],[-37.8939,-7.7132],[-37.9029,-7.6976],[-37.8581,-7.6532],[-37.7821,-7.6265],[-37.7543,-7.6696],[-37.7384,-7.6598],[-37.7555,-7.6191],[-37.7061,-7.5502],[-37.6593,-7.5223],[-37.63,-7.5321],[-37.5328,-7.4726],[-37.4866,-7.3947],[-37.4965,-7.3671],[-37.3853,-7.3563],[-37.3491,-7.3366],[-37.3312,-7.2893],[-37.2756,-7.2747],[-37.2325,-7.2747],[-37.1765,-7.3092]]],[[[-32.4071,-3.8378],[-32.3909,-3.8514],[-32.4244,-3.8783],[-32.4676,-3.8774],[-32.4071,-3.8378]]],[[[-32.4006,-3.8369],[-32.4,-3.8319],[-32.3985,-3.8306],[-32.3973,-3.8334],[-32.4006,-3.8369]]]]}},{"type":"Feature","properties":{"id":"pi","nome":"Piauí","sigla":"PI"},"geometry":{"type":"MultiPolygon","coordinates":[[[[-41.7387,-2.8056],[-41.5931,-2.9051],[-41.51,-2.9109],[-41.4809,-2.8964],[-41.3223,-2.921],[-41.3187,-2.957],[-41.2719,-2.9709],[-41.2567,-3.0043],[-41.2563,-3.0877],[-41.3188,-3.145],[-41.4231,-3.3677],[-41.4023,-3.362],[-41.3886,-3.412],[-41.3476,-3.4143],[-41.3276,-3.4883],[-41.2988,-3.4907],[-41.3237,-3.5029],[-41.3365,-3.5535],[-41.3702,-3.5668],[-41.331,-3.6245],[-41.3414,-3.6804],[-41.2391,-3.7122],[-41.257,-3.7295],[-41.2537,-3.7747],[-41.3004,-3.8259],[-41.2765,-3.8253],[-41.2199,-3.9411],[-41.2543,-4.0354],[-41.1827,-4.0184],[-41.114,-4.0403],[-41.1428,-4.1239],[-41.118,-4.1649],[-41.0905,-4.17],[-41.1355,-4.2331],[-41.1198,-4.3302],[-41.1596,-4.3811],[-41.1904,-4.5152],[-41.2216,-4.5671],[-41.2422,-4.5711],[-41.2211,-4.58],[-41.229,-4.6197],[-41.1739,-4.6671],[-41.25,-4.7563],[-41.2076,-4.7764],[-41.2409,-4.8214],[-41.2488,-4.8687],[-41.2203,-4.9372],[-41.1798,-4.9472],[-41.1505,-4.9917],[-41.1371,-4.9846],[-41.1222,-5.0077],[-41.1314,-5.0477],[-41.0966,-5.0528],[-41.0797,-5.0907],[-41.052,-5.103],[-41.0336,-5.0907],[-40.9821,-5.1532],[-40.9251,-5.1811],[-40.9217,-5.2261],[-40.9416,-5.2399],[-40.9114,-5.2692],[-40.9255,-5.294],[-40.9131,-5.3191],[-40.9357,-5.3656],[-40.9112,-5.407],[-40.9421,-5.4199],[-40.9154,-5.4658],[-40.932,-5.5485],[-40.9007,-5.6154],[-40.9109,-5.6562],[-40.9384,-5.673],[-40.9132,-5.7264],[-40.8741,-5.9743],[-40.9067,-6.0414],[-40.8729,-6.0559],[-40.8465,-6.1317],[-40.8518,-6.2238],[-40.7807,-6.3239],[-40.8048,-6.3927],[-40.7917,-6.5125],[-40.7216,-6.6173],[-40.7316,-6.6537],[-40.7098,-6.6757],[-40.6504,-6.6784],[-40.6067,-6.7137],[-40.4759,-6.7341],[-40.4318,-6.8126],[-40.3702,-6.8027],[-40.4281,-6.8639],[-40.4289,-6.9942],[-40.4059,-7.0049],[-40.4368,-7.0157],[-40.4273,-7.0335],[-40.4894,-7.1183],[-40.5118,-7.3014],[-40.5411,-7.3319],[-40.5481,-7.3923],[-40.7129,-7.4729],[-40.694,-7.5376],[-40.644,-7.6073],[-40.6732,-7.7613],[-40.5434,-7.8352],[-40.5438,-7.9642],[-40.6035,-8.1032],[-40.5894,-8.1376],[-40.6326,-8.1392],[-40.7089,-8.2232],[-40.7824,-8.2547],[-40.7795,-8.3015],[-40.8191,-8.3215],[-40.8189,-8.362],[-40.837,-8.3807],[-40.8933,-8.3574],[-40.9024,-8.4227],[-40.9263,-8.4458],[-40.9805,-8.398],[-40.9998,-8.4003],[-41.0386,-8.4314],[-41.0507,-8.4801],[-41.0786,-8.4721],[-41.0976,-8.5204],[-41.1272,-8.5407],[-41.1483,-8.5335],[-41.1688,-8.5829],[-41.2116,-8.602],[-41.217,-8.6451],[-41.2872,-8.6606],[-41.3366,-8.708],[-41.382,-8.7085],[-41.4238,-8.8021],[-41.5021,-8.8636],[-41.5441,-8.9601],[-41.6054,-8.957],[-41.6801,-9.0119],[-41.7232,-9.0131],[-41.7348,-9.0943],[-41.7997,-9.1476],[-41.8376,-9.2419],[-41.8701,-9.237],[-41.9175,-9.2781],[-41.9719,-9.2482],[-41.9996,-9.2655],[-42.021,-9.2498],[-42.1001,-9.2806],[-42.2433,-9.2885],[-42.3188,-9.3198],[-42.3621,-9.3791],[-42.4207,-9.412],[-42.4425,-9.457],[-42.4875,-9.4613],[-42.4918,-9.493],[-42.5861,-9.4964],[-42.6212,-9.5408],[-42.6742,-9.5483],[-42.7197,-9.5308],[-42.7165,-9.5559],[-42.7648,-9.6163],[-42.8202,-9.6188],[-42.8367,-9.55],[-42.8705,-9.5635],[-42.9053,-9.526],[-42.9459,-9.518],[-42.9715,-9.4077],[-43.0566,-9.4174],[-43.0593,-9.3969],[-43.1196,-9.3721],[-43.1328,-9.3868],[-43.1582,-9.3766],[-43.1913,-9.42],[-43.2182,-9.4002],[-43.2784,-9.4242],[-43.3736,-9.351],[-43.4275,-9.2722],[-43.4851,-9.2649],[-43.6864,-9.4176],[-43.7693,-9.4416],[-43.8493,-9.5476],[-43.8416,-9.637],[-43.7983,-9.6947],[-43.7845,-9.762],[-43.6528,-9.8386],[-43.7086,-9.9128],[-43.6901,-9.9291],[-43.7026,-9.9657],[-43.6619,-10.0039],[-43.6925,-10.077],[-43.7656,-10.0796],[-43.7787,-10.1801],[-43.8369,-10.2507],[-43.8378,-10.3034],[-43.9144,-10.3837],[-43.9168,-10.424],[-44.0073,-10.4049],[-44.0289,-10.416],[-44.0254,-10.4751],[-44.0726,-10.5803],[-44.1102,-10.5968],[-44.1298,-10.6326],[-44.1651,-10.6425],[-44.2082,-10.6149],[-44.2636,-10.6243],[-44.3352,-10.5486],[-44.401,-10.6066],[-44.4529,-10.6073],[-44.5021,-10.6495],[-44.5774,-10.6264],[-44.6278,-10.6753],[-44.6673,-10.6855],[-44.6673,-10.7596],[-44.7508,-10.7817],[-44.7585,-10.8044],[-44.7876,-10.8081],[-44.808,-10.8646],[-44.8454,-10.8993],[-44.8632,-10.8858],[-44.9308,-10.9283],[-45.0728,-10.84],[-45.2476,-10.8216],[-45.2714,-10.7741],[-45.3578,-10.7318],[-45.3745,-10.6674],[-45.4355,-10.6195],[-45.4468,-10.507],[-45.396,-10.4465],[-45.4241,-10.4261],[-45.4299,-10.3591],[-45.5167,-10.2861],[-45.5259,-10.2364],[-45.5668,-10.2011],[-45.5789,-10.1215],[-45.6028,-10.1076],[-45.7262,-10.1564],[-45.7334,-10.2282],[-45.7933,-10.2673],[-45.8774,-10.2389],[-45.946,-10.2582],[-45.9549,-10.218],[-45.8781,-10.1099],[-45.8798,-10.0582],[-45.8419,-9.9411],[-45.8659,-9.8703],[-45.821,-9.7727],[-45.8376,-9.696],[-45.8195,-9.618],[-45.841,-9.5619],[-45.7834,-9.4797],[-45.8237,-9.3745],[-45.8933,-9.3418],[-45.9066,-9.2976],[-45.8967,-9.1861],[-45.9277,-9.1375],[-45.943,-9.0149],[-45.9939,-8.9265],[-45.9451,-8.84],[-45.9603,-8.8185],[-45.9346,-8.7787],[-45.8912,-8.7624],[-45.8642,-8.7155],[-45.8395,-8.7149],[-45.8151,-8.6328],[-45.7652,-8.6092],[-45.7934,-8.584],[-45.7609,-8.5614],[-45.738,-8.5008],[-45.7302,-8.412],[-45.6871,-8.3552],[-45.6611,-8.2496],[-45.581,-8.1557],[-45.5831,-8.0979],[-45.561,-8.0475],[-45.5759,-8.0287],[-45.5494,-8.0141],[-45.5667,-7.9967],[-45.5435,-7.9206],[-45.5232,-7.9118],[-45.5426,-7.8973],[-45.5204,-7.8877],[-45.54,-7.8643],[-45.4895,-7.7861],[-45.4961,-7.7499],[-45.4818,-7.751],[-45.4556,-7.6703],[-45.4348,-7.6753],[-45.3937,-7.6126],[-45.3732,-7.6184],[-45.3394,-7.5799],[-45.261,-7.5705],[-45.2327,-7.5495],[-45.2177,-7.5675],[-45.155,-7.5131],[-45.0445,-7.5108],[-44.924,-7.4699],[-44.901,-7.4256],[-44.8685,-7.4219],[-44.8163,-7.3608],[-44.7805,-7.3778],[-44.7426,-7.3618],[-44.7295,-7.3907],[-44.6876,-7.3941],[-44.6629,-7.3314],[-44.6163,-7.3075],[-44.5637,-7.2271],[-44.5246,-7.2204],[-44.5004,-7.1843],[-44.3796,-7.1186],[-44.3058,-7.1168],[-44.2748,-7.069],[-44.2616,-6.9983],[-44.2355,-6.9984],[-44.1195,-6.8324],[-44.1028,-6.8528],[-44.1139,-6.8047],[-44.0693,-6.821],[-44.053,-6.7679],[-43.9608,-6.7415],[-43.9281,-6.7711],[-43.795,-6.7025],[-43.7744,-6.7146],[-43.7156,-6.6988],[-43.6371,-6.7192],[-43.584,-6.7571],[-43.5604,-6.7495],[-43.4816,-6.8347],[-43.4196,-6.8434],[-43.3486,-6.7977],[-43.2783,-6.7962],[-43.2443,-6.766],[-43.1456,-6.7827],[-43.0817,-6.7477],[-43.0008,-6.7541],[-42.9194,-6.6699],[-42.8714,-6.5116],[-42.8851,-6.505],[-42.8674,-6.4845],[-42.8774,-6.4175],[-42.8289,-6.337],[-42.8598,-6.3302],[-42.8466,-6.2821],[-42.8667,-6.2343],[-42.9682,-6.1779],[-42.9821,-6.1291],[-43.0496,-6.0994],[-43.0746,-6.0543],[-43.0494,-5.9934],[-43.0813,-5.9608],[-43.099,-5.9007],[-43.0772,-5.8648],[-43.0963,-5.8296],[-43.1009,-5.7651],[-43.0772,-5.7312],[-43.0823,-5.6469],[-43.0986,-5.6328],[-43.0803,-5.5995],[-43.0342,-5.5919],[-42.9621,-5.4461],[-42.8259,-5.3466],[-42.812,-5.2818],[-42.8271,-5.2334],[-42.7976,-5.1828],[-42.8592,-4.9819],[-42.8544,-4.9366],[-42.8959,-4.8875],[-42.8971,-4.8423],[-42.9494,-4.7903],[-42.9203,-4.736],[-42.9542,-4.6891],[-42.8743,-4.5817],[-42.8501,-4.481],[-42.876,-4.4637],[-42.8873,-4.4114],[-42.9629,-4.376],[-42.9888,-4.2337],[-42.9356,-4.1614],[-42.8879,-4.1551],[-42.9027,-4.124],[-42.8625,-4.0925],[-42.8233,-3.9918],[-42.7975,-3.9962],[-42.7847,-3.9576],[-42.7258,-3.9096],[-42.6683,-3.7905],[-42.6828,-3.763],[-42.6754,-3.6752],[-42.6093,-3.5858],[-42.5721,-3.5691],[-42.498,-3.4474],[-42.4583,-3.4853],[-42.4319,-3.4543],[-42.4093,-3.4749],[-42.3923,-3.4472],[-42.3304,-3.4335],[-42.2984,-3.4526],[-42.204,-3.4354],[-42.19,-3.3952],[-42.1518,-3.3871],[-42.096,-3.3037],[-42.1348,-3.2806],[-42.1154,-3.262],[-41.9998,-3.2407],[-41.9641,-3.1786],[-41.9387,-3.187],[-41.9224,-3.1076],[-41.8239,-3.0241],[-41.7964,-2.9662],[-41.8651,-2.8745],[-41.8612,-2.831],[-41.8407,-2.8182],[-41.8487,-2.7732],[-41.8137,-2.739],[-41.7387,-2.8056]]]]}},{"type":"Feature","properties":{"id":"rn","nome":"Rio Grande do Norte","sigla":"RN"},"geometry":{"type":"MultiPolygon","coordinates":[[[[-37.1517,-4.9354],[-37.0976,-4.9245],[-37.0384,-4.9507],[-36.9622,-4.9194],[-36.9212,-4.9474],[-36.8812,-4.9486],[-36.799,-5.0384],[-36.7226,-5.075],[-36.7037,-5.0648],[-36.6895,-5.0919],[-36.4829,-5.0617],[-36.308,-5.1025],[-36.2894,-5.0874],[-36.1513,-5.095],[-35.9743,-5.0416],[-35.6348,-5.1211],[-35.6166,-5.1119],[-35.4886,-5.158],[-35.3886,-5.2567],[-35.3535,-5.3582],[-35.3096,-5.3914],[-35.2882,-5.4598],[-35.2607,-5.4804],[-35.218,-5.6708],[-35.1927,-5.6982],[-35.2043,-5.7405],[-35.1792,-5.8678],[-35.1542,-5.8834],[-35.1457,-5.9629],[-35.1068,-6.0059],[-35.094,-6.1818],[-35.0717,-6.2212],[-35.0368,-6.2356],[-35.0297,-6.344],[-34.9917,-6.3729],[-34.9691,-6.4878],[-35.0572,-6.5274],[-35.095,-6.4973],[-35.1698,-6.558],[-35.2225,-6.516],[-35.2741,-6.5435],[-35.3303,-6.5439],[-35.4417,-6.4785],[-35.5248,-6.4757],[-35.5585,-6.4924],[-35.6579,-6.4456],[-35.7729,-6.4824],[-35.9772,-6.4885],[-36.0796,-6.4048],[-36.1108,-6.4285],[-36.2493,-6.437],[-36.2507,-6.404],[-36.2952,-6.393],[-36.2794,-6.3085],[-36.3072,-6.2811],[-36.3622,-6.3096],[-36.3941,-6.2936],[-36.4299,-6.3619],[-36.4994,-6.3578],[-36.5288,-6.4467],[-36.5254,-6.5008],[-36.443,-6.5603],[-36.4354,-6.6255],[-36.4601,-6.634],[-36.5241,-6.5993],[-36.5573,-6.7104],[-36.504,-6.7558],[-36.5065,-6.8126],[-36.5694,-6.8476],[-36.5675,-6.8744],[-36.6094,-6.9364],[-36.6877,-6.9266],[-36.7181,-6.9823],[-36.7658,-6.9352],[-36.7298,-6.836],[-36.769,-6.8384],[-36.7723,-6.7867],[-36.8346,-6.7307],[-36.9567,-6.7901],[-36.9772,-6.7215],[-37.0018,-6.7092],[-37.059,-6.749],[-37.1288,-6.7659],[-37.1903,-6.825],[-37.2342,-6.8242],[-37.2727,-6.7671],[-37.2635,-6.7318],[-37.2898,-6.7127],[-37.2833,-6.6935],[-37.4843,-6.7096],[-37.4658,-6.6596],[-37.4827,-6.55],[-37.3965,-6.5138],[-37.3817,-6.4365],[-37.3957,-6.4008],[-37.3642,-6.3238],[-37.3184,-6.28],[-37.2743,-6.281],[-37.2511,-6.2261],[-37.1653,-6.17],[-37.1735,-6.0476],[-37.2547,-6.0279],[-37.2721,-6.0553],[-37.2985,-6.0498],[-37.3784,-6.0847],[-37.3932,-6.109],[-37.4453,-6.1118],[-37.4586,-6.1446],[-37.5396,-6.1655],[-37.5692,-6.1551],[-37.6463,-6.189],[-37.7087,-6.1769],[-37.7488,-6.1934],[-37.776,-6.2454],[-37.7573,-6.2904],[-37.81,-6.2913],[-37.8428,-6.3327],[-37.8411,-6.3626],[-37.8878,-6.364],[-37.8859,-6.3966],[-37.9276,-6.4211],[-37.955,-6.3978],[-37.9787,-6.4263],[-38.0133,-6.427],[-38.0123,-6.4679],[-38.0403,-6.4727],[-38.0511,-6.442],[-38.1153,-6.5213],[-38.1475,-6.4911],[-38.1871,-6.4988],[-38.2388,-6.4799],[-38.2883,-6.5052],[-38.3292,-6.4596],[-38.3733,-6.4554],[-38.4007,-6.4096],[-38.4858,-6.3984],[-38.4895,-6.3648],[-38.4572,-6.3293],[-38.505,-6.3561],[-38.5767,-6.347],[-38.5656,-6.3022],[-38.5782,-6.2798],[-38.5279,-6.237],[-38.5268,-6.193],[-38.5009,-6.1906],[-38.4469,-6.0849],[-38.4007,-6.0533],[-38.3827,-6.0526],[-38.3649,-6.0881],[-38.3464,-6.0669],[-38.3044,-6.0866],[-38.2766,-6.0696],[-38.2441,-5.9991],[-38.1643,-5.9457],[-38.1246,-5.8872],[-38.1185,-5.8325],[-38.0467,-5.73],[-38.0886,-5.7277],[-38.0823,-5.6722],[-38.0339,-5.6368],[-37.9896,-5.5554],[-37.9322,-5.5027],[-37.9016,-5.4971],[-37.8471,-5.3396],[-37.7827,-5.2944],[-37.7896,-5.2106],[-37.7646,-5.1392],[-37.7237,-5.0695],[-37.6773,-5.053],[-37.6399,-4.926],[-37.2516,-4.832],[-37.21,-4.8945],[-37.1517,-4.9354]]]]}},{"type":"Feature","properties":{"id":"rs","nome":"Rio Grande do Sul","sigla":"RS"},"geometry":{"type":"MultiPolygon","coordinates":[[[[-52.0437,-31.5737],[-52.0393,-31.5595],[-52.1099,-31.5536],[-52.1022,-31.6254],[-52.0743,-31.624],[-52.0569,-31.5985],[-52.054,-31.6371],[-52.0815,-31.6658],[-52.0686,-31.6761],[-52.2003,-31.7281],[-52.2252,-31.7514],[-52.2225,-31.8429],[-52.2562,-31.8486],[-52.2339,-31.8942],[-52.2209,-31.872],[-52.1325,-31.9232],[-52.0893,-32.0222],[-52.1083,-32.0269],[-52.0679,-32.0296],[-52.1045,-32.1069],[-52.0982,-32.1615],[-52.2313,-32.2565],[-52.3064,-32.361],[-52.4155,-32.6068],[-52.5115,-32.9027],[-52.6287,-33.1157],[-52.7952,-33.302],[-53.1516,-33.5889],[-53.3727,-33.7446],[-53.416,-33.7483],[-53.4419,-33.6951],[-53.529,-33.6873],[-53.5353,-33.6133],[-53.5122,-33.5976],[-53.5102,-33.5354],[-53.4814,-33.5455],[-53.4789,-33.5728],[-53.4498,-33.5696],[-53.4645,-33.5549],[-53.434,-33.4994],[-53.427,-33.4341],[-53.4697,-33.2592],[-53.4304,-33.1556],[-53.3917,-33.1507],[-53.3195,-33.0547],[-53.3181,-33.088],[-53.2557,-33.1021],[-53.1594,-32.9692],[-53.1649,-32.8793],[-53.1231,-32.791],[-53.0723,-32.8325],[-52.9822,-32.7341],[-53.0005,-32.793],[-52.8942,-32.8922],[-52.8333,-32.9132],[-52.75,-32.8616],[-52.6192,-32.6373],[-52.5856,-32.5262],[-52.6931,-32.3176],[-52.6219,-32.1433],[-52.7373,-32.1665],[-52.7305,-32.1954],[-52.7665,-32.2043],[-52.7284,-32.2124],[-52.7538,-32.2118],[-52.7948,-32.2708],[-52.8173,-32.3405],[-52.7917,-32.3483],[-52.788,-32.378],[-52.7499,-32.3607],[-52.7217,-32.371],[-52.7238,-32.3871],[-52.7888,-32.445],[-52.9534,-32.4855],[-52.982,-32.5095],[-53.0002,-32.5973],[-53.0608,-32.6183],[-53.0758,-32.6562],[-53.1278,-32.6379],[-53.1739,-32.6561],[-53.2415,-32.6259],[-53.2491,-32.6039],[-53.2867,-32.621],[-53.3696,-32.5705],[-53.3879,-32.5863],[-53.4313,-32.5654],[-53.463,-32.4848],[-53.5571,-32.4709],[-53.6437,-32.3832],[-53.6322,-32.3499],[-53.6552,-32.3179],[-53.6423,-32.2965],[-53.7099,-32.199],[-53.7168,-32.1533],[-53.7338,-32.152],[-53.743,-32.1154],[-53.725,-32.0973],[-53.7453,-32.0783],[-53.8327,-32.0542],[-53.8495,-32.0008],[-53.9584,-31.9551],[-53.9717,-31.9183],[-54.0389,-31.8973],[-54.0999,-31.9273],[-54.4539,-31.6521],[-54.467,-31.6122],[-54.4534,-31.5999],[-54.5131,-31.5139],[-54.5739,-31.4819],[-54.5849,-31.4577],[-54.6692,-31.4544],[-54.758,-31.4251],[-54.8353,-31.4414],[-54.8895,-31.3756],[-54.9379,-31.3807],[-54.9334,-31.3554],[-54.9584,-31.3513],[-54.9573,-31.3233],[-55.0059,-31.2678],[-55.0306,-31.2695],[-55.0732,-31.3319],[-55.1733,-31.2684],[-55.2379,-31.26],[-55.2491,-31.206],[-55.281,-31.1936],[-55.2701,-31.1764],[-55.2896,-31.143],[-55.3377,-31.1322],[-55.3264,-31.0879],[-55.357,-31.0668],[-55.3498,-31.0374],[-55.436,-31.0039],[-55.4252,-30.9852],[-55.4399,-30.9604],[-55.4855,-30.9469],[-55.4857,-30.9267],[-55.5446,-30.8901],[-55.5766,-30.8332],[-55.6596,-30.8688],[-55.6416,-30.9107],[-55.6647,-30.952],[-55.7217,-30.9427],[-55.7277,-30.9791],[-55.7742,-31.0135],[-55.8108,-31.0153],[-55.8692,-31.0697],[-56.0094,-31.0808],[-56.014,-30.9435],[-55.989,-30.8585],[-56.0224,-30.7861],[-56.0617,-30.7729],[-56.0659,-30.7483],[-56.1277,-30.7381],[-56.1498,-30.7055],[-56.1368,-30.6861],[-56.1819,-30.6251],[-56.1696,-30.6148],[-56.2192,-30.6071],[-56.2375,-30.5736],[-56.2595,-30.5855],[-56.258,-30.5615],[-56.2803,-30.5603],[-56.2919,-30.5209],[-56.3276,-30.5294],[-56.3525,-30.493],[-56.3828,-30.4977],[-56.4049,-30.4686],[-56.3967,-30.4505],[-56.4518,-30.4221],[-56.4582,-30.3852],[-56.4882,-30.3986],[-56.5058,-30.3681],[-56.5445,-30.3584],[-56.5394,-30.314],[-56.5561,-30.3186],[-56.5752,-30.2884],[-56.6162,-30.3008],[-56.6127,-30.2611],[-56.6265,-30.267],[-56.6241,-30.2483],[-56.6669,-30.2175],[-56.6449,-30.2044],[-56.6949,-30.2044],[-56.7052,-30.1761],[-56.7755,-30.1637],[-56.7789,-30.127],[-56.8066,-30.1037],[-56.8843,-30.0876],[-56.9033,-30.1119],[-56.9923,-30.0861],[-57.0436,-30.1051],[-57.0684,-30.0864],[-57.088,-30.1201],[-57.1144,-30.1139],[-57.1047,-30.1351],[-57.1275,-30.1411],[-57.1673,-30.1987],[-57.1605,-30.2422],[-57.2213,-30.2898],[-57.2469,-30.2901],[-57.2593,-30.267],[-57.2796,-30.2937],[-57.3096,-30.2571],[-57.3496,-30.2836],[-57.3686,-30.2727],[-57.3939,-30.3043],[-57.4648,-30.2648],[-57.5233,-30.2852],[-57.566,-30.2568],[-57.5565,-30.212],[-57.6427,-30.1884],[-57.5476,-30.1633],[-57.4816,-30.1233],[-57.4296,-30.0523],[-57.3452,-30.0028],[-57.326,-29.9619],[-57.3271,-29.8799],[-57.2777,-29.8171],[-57.2268,-29.7789],[-57.1213,-29.7644],[-56.9675,-29.6386],[-56.9537,-29.583],[-56.8101,-29.4761],[-56.7656,-29.3771],[-56.7051,-29.3613],[-56.6465,-29.2589],[-56.6434,-29.1966],[-56.5889,-29.1196],[-56.4135,-29.0707],[-56.3957,-29.0177],[-56.4142,-28.9998],[-56.409,-28.9766],[-56.3034,-28.8996],[-56.2997,-28.8132],[-56.2825,-28.7877],[-56.1829,-28.7681],[-56.1244,-28.6867],[-56.002,-28.5989],[-56.0248,-28.5387],[-56.0104,-28.5071],[-55.8855,-28.4796],[-55.901,-28.4064],[-55.8716,-28.3585],[-55.7453,-28.3712],[-55.6995,-28.4256],[-55.6675,-28.3333],[-55.7725,-28.2723],[-55.7733,-28.2448],[-55.6307,-28.1759],[-55.6078,-28.1157],[-55.557,-28.162],[-55.493,-28.0772],[-55.4445,-28.0963],[-55.3694,-28.0273],[-55.3831,-27.9829],[-55.3424,-27.9706],[-55.316,-27.9247],[-55.2637,-27.9313],[-55.1958,-27.8562],[-55.1319,-27.8958],[-55.1066,-27.8463],[-55.0313,-27.8549],[-55.0274,-27.8277],[-55.0804,-27.7975],[-55.0803,-27.7791],[-55.0492,-27.768],[-55.0102,-27.7969],[-54.989,-27.7726],[-54.9361,-27.7721],[-54.9037,-27.7253],[-54.9034,-27.6368],[-54.8497,-27.6232],[-54.8116,-27.5292],[-54.7956,-27.5316],[-54.7744,-27.5852],[-54.7417,-27.5613],[-54.682,-27.5743],[-54.6724,-27.5046],[-54.6431,-27.5422],[-54.6213,-27.5409],[-54.5847,-27.4542],[-54.5297,-27.5053],[-54.5029,-27.4805],[-54.4442,-27.4725],[-54.4685,-27.4289],[-54.4105,-27.4047],[-54.3462,-27.4666],[-54.3355,-27.4012],[-54.2799,-27.4455],[-54.2602,-27.3972],[-54.2112,-27.3787],[-54.1721,-27.2544],[-54.1549,-27.2618],[-54.1544,-27.2959],[-54.0775,-27.2968],[-54.0237,-27.2505],[-54.0113,-27.196],[-53.9596,-27.194],[-53.9494,-27.151],[-53.9027,-27.1742],[-53.8743,-27.1272],[-53.8169,-27.1744],[-53.7726,-27.1478],[-53.7484,-27.1905],[-53.6661,-27.1617],[-53.642,-27.2204],[-53.6186,-27.1884],[-53.5635,-27.173],[-53.4915,-27.2017],[-53.506,-27.1379],[-53.4575,-27.1556],[-53.4107,-27.1403],[-53.372,-27.0905],[-53.2941,-27.1339],[-53.3183,-27.1947],[-53.3095,-27.2169],[-53.2424,-27.1703],[-53.1882,-27.191],[-53.1579,-27.1384],[-53.1326,-27.1778],[-53.0718,-27.1571],[-53.0758,-27.1035],[-53.0285,-27.0801],[-53.018,-27.0902],[-53.0426,-27.1455],[-53.0261,-27.1567],[-52.9933,-27.1378],[-52.9831,-27.1642],[-52.9997,-27.2064],[-52.9772,-27.2207],[-52.9513,-27.1616],[-52.9251,-27.2019],[-52.85,-27.1685],[-52.8437,-27.2061],[-52.7589,-27.2152],[-52.7542,-27.2567],[-52.7146,-27.2364],[-52.6986,-27.282],[-52.6665,-27.2379],[-52.6309,-27.2644],[-52.549,-27.2382],[-52.5358,-27.2595],[-52.4792,-27.2644],[-52.4781,-27.2349],[-52.4454,-27.2172],[-52.4188,-27.2822],[-52.3953,-27.2922],[-52.3994,-27.258],[-52.3806,-27.2594],[-52.3749,-27.3038],[-52.346,-27.288],[-52.2976,-27.3166],[-52.3013,-27.2596],[-52.2534,-27.257],[-52.2345,-27.2703],[-52.2739,-27.3025],[-52.2122,-27.3303],[-52.166,-27.2734],[-52.1662,-27.3114],[-52.1074,-27.3092],[-52.0975,-27.3479],[-52.0178,-27.3313],[-52.0201,-27.3615],[-51.9505,-27.3808],[-52.0073,-27.4016],[-51.9337,-27.4319],[-51.9547,-27.4737],[-51.9001,-27.4643],[-51.889,-27.5198],[-51.8569,-27.4752],[-51.8423,-27.4857],[-51.8469,-27.5254],[-51.8205,-27.5123],[-51.795,-27.5298],[-51.7979,-27.4906],[-51.7529,-27.4869],[-51.7238,-27.513],[-51.6866,-27.479],[-51.6565,-27.5197],[-51.6311,-27.4888],[-51.6314,-27.5378],[-51.5798,-27.5241],[-51.586,-27.5605],[-51.5686,-27.5835],[-51.5477,-27.5597],[-51.4899,-27.5596],[-51.4322,-27.6545],[-51.3862,-27.6234],[-51.3692,-27.672],[-51.3161,-27.6742],[-51.3082,-27.719],[-51.2755,-27.7235],[-51.2731,-27.7491],[-51.2348,-27.7789],[-51.1904,-27.7767],[-51.1334,-27.8059],[-51.1308,-27.8296],[-51.0816,-27.8344],[-51.0794,-27.8581],[-51.0538,-27.8674],[-51.0558,-27.901],[-51.0171,-27.9252],[-51.0101,-27.9626],[-50.9844,-27.9418],[-50.9284,-27.9686],[-50.9223,-28.0112],[-50.8765,-28.0409],[-50.9014,-28.0867],[-50.8756,-28.0943],[-50.8687,-28.1372],[-50.828,-28.1187],[-50.818,-28.14],[-50.786,-28.1428],[-50.7882,-28.1979],[-50.7655,-28.1884],[-50.7489,-28.2472],[-50.6978,-28.2663],[-50.6246,-28.391],[-50.5912,-28.3817],[-50.5364,-28.4286],[-50.5271,-28.4036],[-50.4554,-28.4104],[-50.3792,-28.4455],[-50.3567,-28.4204],[-50.3453,-28.4628],[-50.3278,-28.4338],[-50.2711,-28.4562],[-50.2466,-28.4287],[-50.2226,-28.4625],[-50.2003,-28.4439],[-50.1765,-28.4523],[-50.1565,-28.4972],[-50.139,-28.4937],[-50.159,-28.4596],[-50.1263,-28.4289],[-50.1111,-28.4447],[-50.1241,-28.4738],[-50.0996,-28.4848],[-50.0357,-28.4774],[-50.0181,-28.4518],[-49.971,-28.4386],[-49.943,-28.4815],[-49.9273,-28.4511],[-49.8981,-28.4627],[-49.8959,-28.4431],[-49.8575,-28.4431],[-49.8769,-28.4541],[-49.869,-28.4801],[-49.8393,-28.4957],[-49.8094,-28.4675],[-49.7829,-28.4958],[-49.7647,-28.4597],[-49.7697,-28.4938],[-49.7445,-28.4938],[-49.7278,-28.518],[-49.7475,-28.5462],[-49.7111,-28.5729],[-49.6911,-28.6184],[-49.7804,-28.6298],[-49.7821,-28.6108],[-49.8373,-28.6666],[-49.8207,-28.6932],[-49.8416,-28.7135],[-49.8716,-28.704],[-49.8752,-28.7444],[-49.9036,-28.7066],[-49.9349,-28.7276],[-49.9215,-28.7456],[-49.9531,-28.7597],[-49.9464,-28.8057],[-49.9594,-28.8008],[-49.9635,-28.8217],[-49.9583,-28.8521],[-49.945,-28.8487],[-49.9662,-28.8734],[-49.9286,-28.8709],[-49.9652,-28.9217],[-49.9435,-28.9232],[-49.9559,-28.9613],[-49.92,-28.9782],[-49.938,-28.9782],[-49.9643,-29.022],[-49.9381,-29.0231],[-49.9587,-29.0489],[-50.007,-29.0716],[-49.9636,-29.0642],[-49.954,-29.085],[-49.967,-29.0835],[-49.9677,-29.1156],[-49.9906,-29.1188],[-49.9864,-29.1361],[-50.0135,-29.1278],[-50.0164,-29.1809],[-50.0763,-29.1894],[-50.0919,-29.1671],[-50.0788,-29.156],[-50.0989,-29.1632],[-50.0927,-29.2219],[-50.1106,-29.2372],[-50.0933,-29.2129],[-50.1396,-29.1934],[-50.1514,-29.2026],[-50.1334,-29.2084],[-50.1499,-29.2288],[-50.1385,-29.2339],[-50.166,-29.2473],[-50.1498,-29.2493],[-50.1288,-29.3027],[-50.123,-29.2814],[-50.0369,-29.3508],[-50.1142,-29.2588],[-49.9463,-29.2],[-49.8685,-29.224],[-49.8405,-29.2771],[-49.7487,-29.2966],[-49.7299,-29.3173],[-49.7443,-29.3279],[-49.7113,-29.3254],[-49.9226,-29.6065],[-50.0175,-29.7718],[-50.333,-30.5003],[-50.7688,-31.1096],[-50.887,-31.2359],[-51.1733,-31.4723],[-51.2498,-31.5667],[-51.4699,-31.7259],[-51.8846,-31.9577],[-52.0811,-32.1569],[-52.0883,-32.1287],[-52.04,-32.0364],[-52.0541,-31.9818],[-52.0223,-31.9693],[-52.0133,-31.9388],[-52.0976,-31.8354],[-52.062,-31.8157],[-52.0035,-31.8186],[-51.9079,-31.8686],[-51.8517,-31.867],[-51.7866,-31.8058],[-51.8124,-31.8168],[-51.8646,-31.7989],[-51.6641,-31.7704],[-51.4908,-31.5688],[-51.4741,-31.5592],[-51.4358,-31.6243],[-51.4645,-31.5641],[-51.4289,-31.4803],[-51.4158,-31.4729],[-51.4094,-31.5121],[-51.36,-31.5286],[-51.2378,-31.4576],[-51.1788,-31.3629],[-51.1586,-31.2811],[-51.1797,-31.1339],[-51.1681,-31.0668],[-51.1031,-31.0989],[-50.98,-31.0405],[-50.954,-31.0027],[-50.9662,-30.8956],[-50.9108,-30.9052],[-50.8187,-30.84],[-50.7531,-30.8183],[-50.7015,-30.7458],[-50.679,-30.6086],[-50.7,-30.4242],[-50.7289,-30.3677],[-50.717,-30.3515],[-50.6986,-30.3457],[-50.6474,-30.3949],[-50.6235,-30.3916],[-50.6373,-30.3783],[-50.6268,-30.3273],[-50.5926,-30.3998],[-50.6478,-30.4119],[-50.6539,-30.4424],[-50.6106,-30.4852],[-50.5744,-30.4814],[-50.5374,-30.2734],[-50.5969,-30.1941],[-50.6584,-30.1994],[-50.6683,-30.2542],[-50.6544,-30.2809],[-50.6727,-30.2961],[-50.7812,-30.2844],[-50.7943,-30.312],[-50.7753,-30.3334],[-50.8435,-30.3202],[-50.9216,-30.3316],[-50.938,-30.3746],[-50.9295,-30.4353],[-51.0125,-30.3891],[-51.0547,-30.3914],[-51.0408,-30.3659],[-51.0682,-30.3545],[-51.0253,-30.3208],[-51.0302,-30.274],[-51.0642,-30.2757],[-51.0859,-30.241],[-51.1277,-30.248],[-51.1334,-30.2689],[-51.1578,-30.262],[-51.1513,-30.2461],[-51.1834,-30.2342],[-51.1977,-30.1939],[-51.2481,-30.1858],[-51.2261,-30.1764],[-51.2253,-30.1444],[-51.2657,-30.1026],[-51.2299,-30.0432],[-51.2501,-30.0345],[-51.2624,-30.0538],[-51.2596,-30.034],[-51.2791,-30.0373],[-51.2676,-30.016],[-51.2952,-30.0012],[-51.3235,-30.1699],[-51.309,-30.1825],[-51.328,-30.2263],[-51.2729,-30.2493],[-51.2974,-30.2591],[-51.2931,-30.3035],[-51.2566,-30.3053],[-51.2468,-30.3279],[-51.2102,-30.2974],[-51.1842,-30.382],[-51.0972,-30.357],[-51.0948,-30.3811],[-51.1214,-30.3966],[-51.1423,-30.4705],[-51.1414,-30.4261],[-51.182,-30.4074],[-51.2286,-30.4233],[-51.258,-30.4663],[-51.3028,-30.588],[-51.2955,-30.7505],[-51.3171,-30.6476],[-51.3636,-30.6327],[-51.3864,-30.6545],[-51.4037,-30.7824],[-51.3686,-30.8737],[-51.4471,-30.8729],[-51.4961,-30.9149],[-51.4852,-31.0258],[-51.4402,-31.0872],[-51.6176,-31.1392],[-51.642,-31.2252],[-51.6162,-31.2672],[-51.7061,-31.2651],[-51.7565,-31.2855],[-51.7899,-31.2727],[-51.8587,-31.3316],[-51.8695,-31.2943],[-51.8785,-31.3237],[-51.9189,-31.3103],[-51.9931,-31.413],[-52.0322,-31.6946],[-52.0581,-31.6787],[-52.0433,-31.6439],[-52.0282,-31.6472],[-52.0544,-31.5967],[-52.0437,-31.5737]]],[[[-51.2955,-30.7505],[-51.2898,-30.817],[-51.2868,-30.797],[-51.3234,-30.7804],[-51.3049,-30.7838],[-51.2955,-30.7505]]],[[[-50.0982,-29.2361],[-50.0927,-29.2219],[-50.0849,-29.2152],[-50.0876,-29.2225],[-50.0835,-29.2275],[-50.0934,-29.2372],[-50.0982,-29.2361]]],[[[-51.1481,-30.473],[-51.1423,-30.4705],[-51.1521,-30.4997],[-51.1566,-30.4984],[-51.1481,-30.473]]],[[[-49.9561,-29.067],[-49.9563,-29.0617],[-49.9456,-29.0551],[-49.9396,-29.0567],[-49.942,-29.0643],[-49.9517,-29.0625],[-49.9477,-29.0692],[-49.9561,-29.067]]],[[[-51.2945,-30.0536],[-51.2892,-30.0569],[-51.2684,-30.0554],[-51.2918,-30.0643],[-51.2945,-30.0536]]],[[[-52.1017,-31.8015],[-52.1105,-31.7927],[-52.0935,-31.7927],[-52.1017,-31.8015]]],[[[-53.4186,-33.1296],[-53.4214,-33.1314],[-53.4201,-33.1246],[-53.4167,-33.1182],[-53.4134,-33.1126],[-53.4104,-33.1077],[-53.4061,-33.1075],[-53.4094,-33.1134],[-53.4128,-33.118],[-53.4152,-33.1226],[-53.4186,-33.1296]]],[[[-49.9685,-29.1205],[-49.9677,-29.1156],[-49.9638,-29.1142],[-49.9624,-29.1175],[-49.9685,-29.1205]]],[[[-51.4647,-31.5497],[-51.4621,-31.5439],[-51.4627,-31.5481],[-51.4639,-31.5573],[-51.466,-31.5542],[-51.4649,-31.55],[-51.4647,-31.5497]]],[[[-51.169,-30.2641],[-51.1578,-30.262],[-51.1635,-30.2661],[-51.169,-30.2641]]],[[[-51.105,-30.2593],[-51.1021,-30.2539],[-51.1003,-30.2589],[-51.105,-30.2593]]],[[[-52.0445,-31.5676],[-52.0437,-31.5737],[-52.047,-31.5718],[-52.0445,-31.5676]]],[[[-51.1915,-30.2346],[-51.1878,-30.2337],[-51.1909,-30.2383],[-51.1915,-30.2346]]]]}},{"type":"Feature","properties":{"id":"rj","nome":"Rio de Janeiro","sigla":"RJ"},"geometry":{"type":"MultiPolygon","coordinates":[[[[-44.5127,-23.2929],[-44.5561,-23.3054],[-44.5911,-23.3622],[-44.6237,-23.3408],[-44.6335,-23.3521],[-44.6404,-23.3327],[-44.718,-23.3472],[-44.724,-23.3676],[-44.7779,-23.3385],[-44.787,-23.2996],[-44.8262,-23.2907],[-44.8365,-23.2563],[-44.8746,-23.2487],[-44.8885,-23.224],[-44.8726,-23.1838],[-44.8244,-23.161],[-44.8107,-23.1252],[-44.8022,-22.9986],[-44.792,-22.9817],[-44.7548,-22.9798],[-44.7434,-22.9471],[-44.7115,-22.9295],[-44.659,-22.9274],[-44.6066,-22.8852],[-44.5438,-22.8844],[-44.4943,-22.846],[-44.4666,-22.8846],[-44.413,-22.8477],[-44.3738,-22.8576],[-44.2695,-22.8298],[-44.2413,-22.7927],[-44.2561,-22.7869],[-44.25,-22.7571],[-44.2015,-22.7319],[-44.1605,-22.6778],[-44.2264,-22.6041],[-44.2853,-22.6092],[-44.3432,-22.5879],[-44.356,-22.6138],[-44.3599,-22.5813],[-44.384,-22.5732],[-44.409,-22.5878],[-44.4059,-22.6071],[-44.4871,-22.6057],[-44.5082,-22.6404],[-44.5348,-22.637],[-44.5256,-22.619],[-44.5485,-22.6057],[-44.5726,-22.6015],[-44.5837,-22.6255],[-44.633,-22.6087],[-44.6413,-22.5589],[-44.677,-22.5605],[-44.68,-22.5257],[-44.7153,-22.5138],[-44.74,-22.4261],[-44.8088,-22.4048],[-44.7933,-22.3866],[-44.7235,-22.3595],[-44.66,-22.3791],[-44.6257,-22.3356],[-44.5873,-22.3211],[-44.5328,-22.3299],[-44.4323,-22.2511],[-44.3872,-22.272],[-44.3605,-22.2526],[-44.2638,-22.2437],[-44.2602,-22.2679],[-44.235,-22.2657],[-44.1211,-22.2086],[-44.1227,-22.1878],[-44.0997,-22.1728],[-44.0866,-22.1831],[-44.0235,-22.1509],[-44.0046,-22.1619],[-43.7656,-22.0624],[-43.7336,-22.0961],[-43.6914,-22.0704],[-43.6732,-22.0891],[-43.6522,-22.0666],[-43.6119,-22.0813],[-43.5857,-22.0515],[-43.5622,-22.0873],[-43.5132,-22.0588],[-43.5071,-22.074],[-43.462,-22.0722],[-43.3464,-22.0034],[-43.3006,-22.0191],[-43.2461,-22.0065],[-43.2022,-22.0365],[-43.1307,-22.0295],[-43.1537,-22.0775],[-43.1365,-22.1088],[-43.1063,-22.0835],[-43.073,-22.0934],[-43.0322,-22.066],[-43.0382,-22.0466],[-42.9087,-21.99],[-42.8821,-21.9596],[-42.2711,-21.7147],[-42.2749,-21.6764],[-42.3015,-21.6545],[-42.3646,-21.6458],[-42.3553,-21.6254],[-42.3686,-21.6191],[-42.3059,-21.529],[-42.2523,-21.4898],[-42.2922,-21.4595],[-42.2787,-21.4101],[-42.2387,-21.4013],[-42.2512,-21.3854],[-42.2295,-21.3661],[-42.2286,-21.2839],[-42.1893,-21.2494],[-42.2081,-21.1777],[-42.164,-21.101],[-42.1399,-21.1024],[-42.1007,-21.034],[-42.0801,-21.0352],[-42.1513,-20.9739],[-42.0932,-20.9358],[-41.9763,-20.935],[-41.9543,-20.865],[-41.9258,-20.8376],[-41.9277,-20.7945],[-41.9008,-20.7958],[-41.8745,-20.7663],[-41.8534,-20.7637],[-41.8134,-20.8048],[-41.7553,-20.807],[-41.7405,-20.8178],[-41.7413,-20.8714],[-41.712,-20.8711],[-41.736,-20.928],[-41.7104,-20.991],[-41.7357,-21.1023],[-41.7075,-21.1066],[-41.7176,-21.1233],[-41.6923,-21.1158],[-41.6537,-21.1425],[-41.5874,-21.1483],[-41.5653,-21.1822],[-41.4788,-21.1818],[-41.4475,-21.2136],[-41.3771,-21.1952],[-41.2767,-21.2398],[-41.2409,-21.2207],[-41.1606,-21.2455],[-41.092,-21.2182],[-41.041,-21.2547],[-41.006,-21.2517],[-40.9949,-21.2851],[-40.9572,-21.303],[-40.9602,-21.3609],[-41.0737,-21.5148],[-41.0562,-21.5851],[-41.01,-21.6115],[-41.0257,-21.7206],[-40.9738,-21.9468],[-40.9847,-21.9992],[-41.2033,-22.1317],[-41.4827,-22.2115],[-41.6886,-22.2996],[-41.7668,-22.3541],[-41.7675,-22.3884],[-41.8414,-22.4354],[-41.8618,-22.4769],[-41.9324,-22.5375],[-41.9604,-22.5342],[-41.9979,-22.6083],[-41.9846,-22.7173],[-41.9313,-22.7678],[-41.8735,-22.7373],[-41.8637,-22.754],[-41.8968,-22.7855],[-41.9227,-22.7858],[-41.9297,-22.8129],[-41.9697,-22.821],[-41.9809,-22.8724],[-42.0309,-22.9043],[-42.0258,-22.9559],[-41.9966,-22.96],[-42.0188,-22.9708],[-42.0129,-22.9973],[-42.0763,-22.9552],[-42.5173,-22.9321],[-42.636,-22.9368],[-42.692,-22.9619],[-43.0515,-22.9822],[-43.0539,-22.9628],[-43.1353,-22.9383],[-43.095,-22.9259],[-43.1331,-22.9084],[-43.1347,-22.8828],[-43.114,-22.8805],[-43.0954,-22.827],[-43.0657,-22.8023],[-43.0807,-22.7867],[-43.0679,-22.7686],[-43.0264,-22.7418],[-43.0317,-22.692],[-43.0854,-22.6772],[-43.1269,-22.7138],[-43.2355,-22.7352],[-43.2777,-22.7804],[-43.2874,-22.8087],[-43.2436,-22.8439],[-43.2375,-22.8767],[-43.2089,-22.8685],[-43.2082,-22.8928],[-43.1617,-22.9042],[-43.1802,-22.9475],[-43.15,-22.95],[-43.1907,-22.9904],[-43.2859,-23.016],[-43.4435,-23.0217],[-43.5357,-23.0514],[-43.5531,-23.0756],[-43.5718,-23.0734],[-43.5596,-23.0459],[-43.5675,-23.0633],[-43.7114,-23.0556],[-43.6141,-23.0314],[-43.5726,-23.0502],[-43.6641,-22.9868],[-43.7204,-22.9738],[-43.7752,-22.9209],[-43.822,-22.9106],[-43.8414,-22.9291],[-43.8537,-22.918],[-43.8325,-22.9078],[-43.8556,-22.9016],[-43.9098,-22.9301],[-44.0029,-22.9382],[-44.0466,-22.9839],[-44.0462,-22.9382],[-44.0831,-22.959],[-44.0817,-22.9915],[-44.1097,-23.0229],[-44.1937,-23.0544],[-44.1998,-23.0383],[-44.2502,-23.0499],[-44.2214,-23.0171],[-44.248,-22.9959],[-44.2901,-23.0239],[-44.3056,-23.023],[-44.304,-23.0022],[-44.3503,-23.03],[-44.3542,-22.9984],[-44.299,-22.9577],[-44.3358,-22.9639],[-44.3196,-22.9371],[-44.3444,-22.9216],[-44.3636,-22.9234],[-44.3696,-22.9445],[-44.3495,-22.9456],[-44.3836,-22.9718],[-44.3921,-22.95],[-44.4224,-22.9502],[-44.4446,-23.0269],[-44.4759,-23.0064],[-44.599,-23.0631],[-44.5963,-23.0454],[-44.6676,-23.0536],[-44.6959,-23.1023],[-44.6984,-23.1742],[-44.7171,-23.1848],[-44.7122,-23.2334],[-44.6429,-23.1853],[-44.6167,-23.2043],[-44.6241,-23.2211],[-44.6624,-23.2143],[-44.6549,-23.2271],[-44.6921,-23.2527],[-44.6132,-23.2341],[-44.6554,-23.2953],[-44.6399,-23.3005],[-44.5963,-23.2346],[-44.5599,-23.2271],[-44.5838,-23.2663],[-44.5365,-23.2675],[-44.5127,-23.2929]],[[-43.3598,-22.9933],[-43.3015,-23.009],[-43.3635,-22.9736],[-43.4125,-22.9854],[-43.3488,-22.9836],[-43.3598,-22.9933]]],[[[-44.2332,-23.0894],[-44.1956,-23.0983],[-44.2159,-23.1093],[-44.1694,-23.1185],[-44.1646,-23.1416],[-44.1271,-23.1196],[-44.1406,-23.1563],[-44.1147,-23.1483],[-44.095,-23.1747],[-44.1318,-23.1873],[-44.1294,-23.1703],[-44.1589,-23.1715],[-44.1966,-23.2036],[-44.2513,-23.2045],[-44.3021,-23.1776],[-44.3488,-23.2261],[-44.3416,-23.1814],[-44.3577,-23.1906],[-44.3773,-23.1718],[-44.3268,-23.1544],[-44.2952,-23.1141],[-44.2844,-23.1361],[-44.2332,-23.0894]]],[[[-43.8279,-23.0573],[-43.778,-23.0605],[-43.9864,-23.1018],[-44.0121,-23.0778],[-43.9548,-23.0396],[-43.8847,-23.067],[-43.8806,-23.0414],[-43.9071,-23.0261],[-43.8279,-23.0573]]],[[[-43.1825,-22.781],[-43.1571,-22.7782],[-43.1812,-22.8031],[-43.1721,-22.8303],[-43.2094,-22.8148],[-43.243,-22.8323],[-43.2636,-22.8102],[-43.2289,-22.7827],[-43.1914,-22.7959],[-43.1825,-22.781]]],[[[-43.9134,-22.939],[-43.8677,-22.9256],[-43.8963,-22.9578],[-43.9134,-22.939]]],[[[-43.2379,-22.8616],[-43.2426,-22.8371],[-43.229,-22.8365],[-43.2141,-22.8662],[-43.2379,-22.8616]]],[[[-43.9293,-23.0067],[-43.934,-23.0147],[-43.9369,-23.0045],[-43.9367,-22.9978],[-43.9313,-22.9953],[-43.9277,-22.9889],[-43.92,-22.9873],[-43.9169,-22.9933],[-43.9255,-23.0],[-43.9293,-23.0067]]],[[[-44.5882,-23.2062],[-44.5859,-23.209],[-44.5991,-23.2168],[-44.6131,-23.2237],[-44.6193,-23.2226],[-44.6044,-23.2152],[-44.5882,-23.2062]]],[[[-44.0459,-22.9996],[-44.0345,-22.9959],[-44.0295,-23.0069],[-44.0424,-23.0059],[-44.0492,-23.0083],[-44.0492,-23.0007],[-44.0459,-22.9996]]],[[[-44.6874,-23.1642],[-44.6918,-23.1694],[-44.695,-23.1603],[-44.6941,-23.156],[-44.6895,-23.154],[-44.6836,-23.1516],[-44.6817,-23.1572],[-44.6874,-23.1642]]],[[[-41.6983,-22.4101],[-41.6949,-22.4167],[-41.7022,-22.4163],[-41.7054,-22.4104],[-41.7054,-22.4072],[-41.6971,-22.4029],[-41.6936,-22.4073],[-41.6983,-22.4101]]],[[[-44.5127,-23.2929],[-44.5052,-23.2914],[-44.5024,-23.2964],[-44.5093,-23.3014],[-44.5127,-23.2929]]],[[[-43.1105,-22.7615],[-43.1086,-22.7585],[-43.1047,-22.7623],[-43.1028,-22.7647],[-43.1084,-22.7693],[-43.1128,-22.7673],[-43.1105,-22.7615]]],[[[-43.1086,-22.7585],[-43.1118,-22.7533],[-43.1083,-22.7477],[-43.1044,-22.7484],[-43.1029,-22.7527],[-43.105,-22.7552],[-43.1086,-22.7585]]],[[[-43.1774,-22.8956],[-43.1746,-22.8928],[-43.167,-22.895],[-43.1717,-22.8977],[-43.1774,-22.8956]]],[[[-44.6447,-23.0738],[-44.6423,-23.0679],[-44.64,-23.0697],[-44.6356,-23.068],[-44.6416,-23.0745],[-44.6447,-23.0738]]],[[[-43.8612,-22.9524],[-43.8602,-22.9496],[-43.8559,-22.9498],[-43.858,-22.9545],[-43.8634,-22.9553],[-43.8612,-22.9524]]],[[[-41.6868,-22.4017],[-41.6904,-22.4023],[-41.6912,-22.3987],[-41.6857,-22.3966],[-41.6868,-22.4017]]],[[[-44.5838,-23.2037],[-44.5837,-23.2005],[-44.5805,-23.1985],[-44.5791,-23.203],[-44.5838,-23.2037]]],[[[-44.5763,-23.186],[-44.5731,-23.1835],[-44.5728,-23.1889],[-44.5764,-23.1898],[-44.5763,-23.186]]],[[[-43.91,-22.983],[-43.9129,-22.983],[-43.9143,-22.9798],[-43.9081,-22.9794],[-43.91,-22.983]]],[[[-44.6463,-23.2268],[-44.6397,-23.2282],[-44.649,-23.2306],[-44.6463,-23.2268]]],[[[-41.8866,-22.7769],[-41.8838,-22.7801],[-41.8824,-22.7827],[-41.8818,-22.7839],[-41.8837,-22.7842],[-41.885,-22.7843],[-41.8866,-22.7769]]],[[[-44.1292,-23.0354],[-44.1237,-23.0396],[-44.1288,-23.0408],[-44.1292,-23.0354]]],[[[-43.9201,-22.9416],[-43.9134,-22.939],[-43.9161,-22.9421],[-43.9204,-22.9445],[-43.9201,-22.9416]]],[[[-43.5144,-23.0653],[-43.5114,-23.0607],[-43.5084,-23.0645],[-43.5144,-23.0653]]],[[[-43.1482,-23.0599],[-43.1422,-23.0654],[-43.1467,-23.0651],[-43.1482,-23.0599]]],[[[-44.6397,-23.2282],[-44.6365,-23.2238],[-44.6336,-23.2253],[-44.6397,-23.2282]]],[[[-43.9437,-23.0233],[-43.947,-23.0239],[-43.9437,-23.0196],[-43.9437,-23.0233]]],[[[-44.6928,-23.2154],[-44.6894,-23.2144],[-44.6908,-23.218],[-44.6928,-23.2154]]],[[[-43.9538,-23.005],[-43.9502,-23.0057],[-43.9517,-23.0082],[-43.9538,-23.005]]],[[[-43.2079,-23.0405],[-43.2063,-23.038],[-43.2022,-23.0374],[-43.2079,-23.0405]]],[[[-44.6724,-23.0994],[-44.6719,-23.0962],[-44.6691,-23.0977],[-44.6724,-23.0994]]],[[[-43.9537,-23.025],[-43.9527,-23.0221],[-43.9507,-23.0249],[-43.9537,-23.025]]],[[[-43.8612,-22.9469],[-43.8602,-22.9496],[-43.8632,-22.9493],[-43.8612,-22.9469]]],[[[-44.6751,-23.1111],[-44.6724,-23.1119],[-44.6747,-23.114],[-44.6751,-23.1111]]]]}},{"type":"Feature","properties":{"id":"ro","nome":"Rondônia","sigla":"RO"},"geometry":{"type":"MultiPolygon","coordinates":[[[[-66.4589,-9.8752],[-66.5433,-9.877],[-66.581,-9.9045],[-66.806,-9.8141],[-66.7802,-9.791],[-66.775,-9.7527],[-66.725,-9.7557],[-66.6091,-9.6645],[-66.5859,-9.6732],[-66.5002,-9.6332],[-66.4945,-9.6012],[-66.392,-9.5001],[-66.4085,-9.4066],[-66.3744,-9.426],[-66.3185,-9.4196],[-66.3071,-9.4365],[-66.2674,-9.4094],[-66.243,-9.429],[-66.1732,-9.434],[-66.1235,-9.4084],[-65.9699,-9.4128],[-65.9122,-9.4834],[-65.8805,-9.4871],[-65.8478,-9.5319],[-65.8246,-9.5297],[-65.7911,-9.5853],[-65.7499,-9.5532],[-65.7231,-9.5587],[-65.6806,-9.5],[-65.679,-9.451],[-65.5963,-9.4135],[-65.5061,-9.4473],[-65.4923,-9.4733],[-65.4343,-9.4659],[-65.4561,-9.4008],[-65.4466,-9.316],[-65.3847,-9.3376],[-65.2462,-9.2573],[-65.2076,-9.2852],[-65.1957,-9.3749],[-65.1731,-9.3851],[-65.1841,-9.4266],[-65.1424,-9.4464],[-65.0974,-9.4321],[-65.0918,-9.409],[-65.0531,-9.4018],[-65.0388,-9.3592],[-65.0054,-9.3431],[-65.0,-9.3042],[-64.9624,-9.2924],[-64.9356,-9.2554],[-64.9192,-9.2199],[-64.9394,-9.1242],[-64.9168,-9.0428],[-64.8936,-9.0433],[-64.8388,-8.9937],[-64.7868,-8.9881],[-64.7607,-9.0202],[-64.703,-8.9895],[-64.6709,-9.0144],[-64.6106,-9.0161],[-64.5496,-8.9779],[-64.4461,-8.9765],[-64.3229,-8.9285],[-64.3091,-8.9341],[-64.3256,-8.9795],[-64.3108,-8.9961],[-64.2327,-8.9919],[-64.1429,-8.9532],[-64.1577,-8.8428],[-64.1289,-8.8048],[-64.1426,-8.7427],[-64.1241,-8.7163],[-64.0274,-8.7153],[-64.035,-8.6932],[-63.9857,-8.5853],[-63.9454,-8.6091],[-63.9241,-8.5751],[-63.974,-8.4869],[-63.9403,-8.4519],[-63.9774,-8.4198],[-63.9449,-8.3874],[-63.9436,-8.3308],[-63.9103,-8.3281],[-63.8702,-8.2884],[-63.7907,-8.3328],[-63.773,-8.3204],[-63.7222,-8.2491],[-63.7465,-8.1982],[-63.6694,-8.1214],[-63.6665,-8.0812],[-63.6213,-8.0292],[-63.6203,-7.9689],[-62.8661,-7.9755],[-62.6917,-8.0925],[-62.6725,-8.1449],[-62.6861,-8.1734],[-62.6494,-8.2367],[-62.5614,-8.2836],[-62.551,-8.3578],[-62.5256,-8.3827],[-62.4649,-8.3394],[-62.4317,-8.3717],[-62.3666,-8.3892],[-62.3655,-8.4932],[-62.3368,-8.5163],[-62.3253,-8.5633],[-62.3406,-8.6025],[-62.2808,-8.6382],[-62.2927,-8.5956],[-62.2684,-8.5754],[-62.1879,-8.5902],[-62.1761,-8.6365],[-62.2,-8.6439],[-62.1646,-8.679],[-62.1244,-8.8013],[-62.0305,-8.7993],[-61.9847,-8.8782],[-61.9053,-8.8741],[-61.8595,-8.8527],[-61.836,-8.7323],[-61.7741,-8.7479],[-61.7413,-8.6948],[-61.7127,-8.6875],[-61.7048,-8.7071],[-61.63,-8.7216],[-61.6055,-8.7943],[-61.5255,-8.8165],[-61.4681,-8.9171],[-61.5544,-9.0899],[-61.5552,-9.1296],[-61.5231,-9.1786],[-61.5259,-9.2437],[-61.5753,-9.2373],[-61.632,-9.2662],[-61.6119,-9.28],[-61.6254,-9.3626],[-61.5523,-9.3872],[-61.5781,-9.4712],[-61.5255,-9.5013],[-61.549,-9.5148],[-61.5129,-9.5282],[-61.4946,-9.5784],[-61.5025,-9.615],[-61.4771,-9.6269],[-61.5063,-9.6616],[-61.5047,-9.691],[-61.5738,-9.7173],[-61.531,-9.7395],[-61.5468,-9.7872],[-61.5244,-9.7953],[-61.5316,-9.8194],[-61.5074,-9.8607],[-61.5389,-9.9637],[-61.5307,-9.9895],[-61.5832,-10.0598],[-61.5996,-10.1544],[-61.5512,-10.1974],[-61.5771,-10.2262],[-61.5528,-10.3066],[-61.4612,-10.4195],[-61.4803,-10.4874],[-61.4658,-10.5408],[-61.489,-10.6294],[-61.4817,-10.6688],[-61.498,-10.688],[-61.4718,-10.7146],[-61.4878,-10.736],[-61.4733,-10.7971],[-61.51,-10.7939],[-61.519,-10.9493],[-61.5497,-10.9857],[-60.4595,-10.9895],[-60.4374,-11.0163],[-60.4461,-11.0418],[-60.4136,-11.0431],[-60.391,-11.0934],[-60.3474,-11.1086],[-60.3479,-11.0736],[-60.334,-11.0825],[-60.3007,-11.0568],[-60.2705,-11.0983],[-60.2043,-11.1117],[-60.1587,-11.0953],[-60.1043,-11.1088],[-60.0837,-11.0965],[-60.0662,-11.1251],[-60.0257,-11.1303],[-59.9863,-11.1141],[-59.9794,-11.1394],[-59.9972,-11.151],[-59.9635,-11.1887],[-59.9815,-11.2331],[-59.9589,-11.2943],[-59.9272,-11.31],[-59.9201,-11.3976],[-60.1143,-11.5911],[-60.1211,-11.7117],[-60.0962,-11.7991],[-60.1082,-11.8392],[-60.0761,-11.8849],[-60.0063,-11.8943],[-59.9846,-11.9139],[-59.966,-12.0068],[-59.9788,-12.0291],[-59.9007,-12.115],[-59.9083,-12.192],[-59.8918,-12.2451],[-59.7738,-12.3406],[-59.8187,-12.3783],[-59.8553,-12.4782],[-59.9347,-12.4867],[-60.0682,-12.6156],[-60.0895,-12.7319],[-60.0743,-12.7728],[-60.0786,-12.8807],[-60.1166,-12.9591],[-60.1887,-12.9707],[-60.2147,-13.0266],[-60.2824,-13.0801],[-60.268,-13.1446],[-60.3036,-13.1788],[-60.3252,-13.2523],[-60.3644,-13.2995],[-60.3874,-13.4543],[-60.4315,-13.488],[-60.5061,-13.5016],[-60.5771,-13.5648],[-60.6317,-13.5713],[-60.6855,-13.6248],[-60.7078,-13.6925],[-60.7649,-13.6847],[-60.7735,-13.6608],[-60.8789,-13.6172],[-60.9224,-13.5404],[-61.0057,-13.5466],[-61.0069,-13.508],[-60.9877,-13.4999],[-61.0143,-13.4871],[-61.0463,-13.4842],[-61.0348,-13.5005],[-61.0597,-13.5114],[-61.0898,-13.4917],[-61.1055,-13.5312],[-61.1386,-13.5272],[-61.1377,-13.512],[-61.1463,-13.5314],[-61.1834,-13.5075],[-61.1936,-13.5359],[-61.2328,-13.5245],[-61.2477,-13.4958],[-61.2797,-13.5052],[-61.2957,-13.4774],[-61.3081,-13.5034],[-61.4693,-13.5547],[-61.5691,-13.518],[-61.5761,-13.4882],[-61.6072,-13.5111],[-61.6225,-13.4963],[-61.6222,-13.5141],[-61.6507,-13.5182],[-61.6944,-13.5008],[-61.7571,-13.5237],[-61.7567,-13.5401],[-61.7762,-13.5192],[-61.784,-13.5365],[-61.8152,-13.5293],[-61.8404,-13.5484],[-61.8397,-13.5265],[-61.8613,-13.5335],[-61.8826,-13.4968],[-61.8923,-13.4305],[-61.9698,-13.4057],[-61.9707,-13.3738],[-61.9999,-13.3705],[-62.013,-13.33],[-62.032,-13.3331],[-62.0563,-13.2877],[-62.0836,-13.2898],[-62.115,-13.258],[-62.1145,-13.1633],[-62.128,-13.1479],[-62.1487,-13.1618],[-62.1698,-13.1135],[-62.1903,-13.1533],[-62.2141,-13.1109],[-62.2394,-13.115],[-62.2453,-13.1447],[-62.2714,-13.1552],[-62.3159,-13.1339],[-62.3219,-13.1509],[-62.3914,-13.1343],[-62.4385,-13.0805],[-62.4568,-13.0862],[-62.4533,-13.0643],[-62.4713,-13.0784],[-62.4783,-13.057],[-62.5017,-13.0826],[-62.6089,-13.0422],[-62.6014,-13.012],[-62.6262,-13.0153],[-62.6502,-12.9651],[-62.6979,-13.0023],[-62.7249,-13.0022],[-62.7291,-13.0203],[-62.7431,-12.9998],[-62.7784,-13.0091],[-62.8053,-12.9402],[-62.8452,-12.9483],[-62.8425,-12.9267],[-62.8696,-12.9102],[-62.8914,-12.8584],[-62.9207,-12.8404],[-62.9763,-12.8587],[-63.0076,-12.8371],[-63.0407,-12.7494],[-63.0795,-12.7241],[-63.0615,-12.6853],[-63.095,-12.6832],[-63.0928,-12.6575],[-63.139,-12.6447],[-63.1572,-12.6134],[-63.1616,-12.6389],[-63.1924,-12.6232],[-63.1922,-12.651],[-63.2435,-12.6621],[-63.2352,-12.6887],[-63.2949,-12.6814],[-63.3769,-12.6553],[-63.4093,-12.6106],[-63.4389,-12.6059],[-63.4341,-12.5658],[-63.5009,-12.5668],[-63.551,-12.5076],[-63.6214,-12.4724],[-63.7857,-12.4275],[-63.8351,-12.4616],[-63.8883,-12.4491],[-63.9,-12.5055],[-63.9563,-12.5304],[-63.9952,-12.5028],[-64.0392,-12.5147],[-64.0936,-12.4844],[-64.1221,-12.505],[-64.1344,-12.4762],[-64.1629,-12.5136],[-64.1722,-12.4669],[-64.2312,-12.4552],[-64.2908,-12.5002],[-64.2903,-12.4603],[-64.405,-12.4464],[-64.5037,-12.3602],[-64.4922,-12.2938],[-64.5065,-12.2267],[-64.5473,-12.2416],[-64.5751,-12.2148],[-64.7118,-12.1737],[-64.708,-12.0864],[-64.7355,-12.0978],[-64.7359,-12.1381],[-64.7571,-12.1558],[-64.7651,-12.0958],[-64.8015,-12.0878],[-64.8351,-12.1169],[-64.8412,-12.0934],[-64.8084,-12.0536],[-64.8379,-12.0109],[-64.9177,-12.0262],[-64.947,-11.9937],[-64.9745,-12.0182],[-65.0,-11.9929],[-65.0314,-11.9945],[-65.0405,-11.9607],[-65.0151,-11.8942],[-65.0701,-11.8687],[-65.0592,-11.7903],[-65.0851,-11.7123],[-65.1781,-11.7212],[-65.1856,-11.7558],[-65.26,-11.7064],[-65.2174,-11.6518],[-65.2337,-11.5698],[-65.2113,-11.53],[-65.3044,-11.5009],[-65.3348,-11.3545],[-65.2912,-11.3237],[-65.3428,-11.307],[-65.3607,-11.2509],[-65.3593,-11.2223],[-65.3185,-11.1987],[-65.3497,-11.1863],[-65.3621,-11.1375],[-65.284,-11.0885],[-65.2997,-11.0309],[-65.2509,-10.9865],[-65.2837,-10.9261],[-65.2652,-10.9158],[-65.2753,-10.8702],[-65.3662,-10.7921],[-65.3435,-10.7689],[-65.3441,-10.6904],[-65.3577,-10.6569],[-65.4135,-10.6236],[-65.3975,-10.5796],[-65.4289,-10.4806],[-65.3898,-10.4472],[-65.3779,-10.4083],[-65.3912,-10.374],[-65.3207,-10.2969],[-65.2882,-10.2194],[-65.3324,-9.9573],[-65.2855,-9.8411],[-65.3199,-9.8141],[-65.3742,-9.6989],[-65.4429,-9.6697],[-65.4465,-9.6967],[-65.4999,-9.7295],[-65.5033,-9.7861],[-65.5314,-9.7813],[-65.5637,-9.8116],[-65.5586,-9.8433],[-65.5964,-9.841],[-65.6005,-9.8237],[-65.6299,-9.8339],[-65.6685,-9.7807],[-65.6893,-9.8122],[-65.7096,-9.8061],[-65.7073,-9.7656],[-65.6809,-9.7666],[-65.6847,-9.7487],[-65.7438,-9.7815],[-65.7739,-9.7342],[-65.7939,-9.7912],[-65.8119,-9.772],[-65.7996,-9.7562],[-65.8596,-9.794],[-65.8708,-9.7529],[-65.9021,-9.7657],[-65.919,-9.7533],[-65.9719,-9.7769],[-65.9661,-9.8042],[-65.9991,-9.7943],[-66.023,-9.8111],[-66.0346,-9.787],[-66.0644,-9.7845],[-66.0927,-9.8133],[-66.0998,-9.7842],[-66.1516,-9.7852],[-66.1929,-9.8063],[-66.203,-9.8341],[-66.2377,-9.8154],[-66.2856,-9.8442],[-66.3154,-9.8311],[-66.3473,-9.8409],[-66.3593,-9.8657],[-66.4031,-9.8641],[-66.4258,-9.8983],[-66.4263,-9.8693],[-66.4589,-9.8752]]],[[[-66.4589,-9.8752],[-66.4541,-9.8773],[-66.4568,-9.8785],[-66.4589,-9.8752]]]]}},{"type":"Feature","properties":{"id":"rr","nome":"Roraima","sigla":"RR"},"geometry":{"type":"MultiPolygon","coordinates":[[[[-59.9164,3.1459],[-59.9083,3.1134],[-59.9205,3.1212],[-59.9545,3.0818],[-59.9466,2.9998],[-59.9813,2.9304],[-59.9896,2.6866],[-59.9565,2.6103],[-59.9698,2.5945],[-59.9282,2.5716],[-59.9359,2.5541],[-59.8965,2.4824],[-59.896,2.3633],[-59.8706,2.3605],[-59.7852,2.2844],[-59.7387,2.2929],[-59.7219,2.2768],[-59.7395,2.164],[-59.7209,2.1063],[-59.7403,2.0747],[-59.7199,2.0284],[-59.7587,1.9009],[-59.7512,1.8617],[-59.6779,1.8405],[-59.6623,1.8702],[-59.6538,1.8172],[-59.677,1.8078],[-59.6899,1.7585],[-59.6622,1.7374],[-59.6336,1.7414],[-59.6159,1.7164],[-59.5671,1.7359],[-59.5362,1.7201],[-59.5105,1.6689],[-59.4926,1.674],[-59.4823,1.627],[-59.4474,1.6198],[-59.4223,1.5562],[-59.3953,1.5554],[-59.3813,1.508],[-59.3316,1.514],[-59.3249,1.4643],[-59.2862,1.4527],[-59.2817,1.4108],[-59.2524,1.3886],[-59.047,1.3234],[-58.9932,1.3275],[-58.9783,1.3021],[-58.918,1.3169],[-58.9218,1.2903],[-58.8863,1.2606],[-58.9115,1.2387],[-58.8949,1.2282],[-58.8949,0.2639],[-60.0374,0.2638],[-60.0586,0.1633],[-60.1158,0.1336],[-60.1374,0.103],[-60.123,0.0814],[-60.138,0.0291],[-60.2028,-0.0333],[-60.2283,-0.1009],[-60.2239,-0.1425],[-60.2989,-0.2114],[-60.2894,-0.2928],[-60.3494,-0.407],[-60.3442,-0.4403],[-60.3994,-0.5098],[-60.3828,-0.5897],[-60.313,-0.6411],[-60.3031,-0.7109],[-60.4266,-0.7781],[-60.4786,-0.7706],[-60.5194,-0.8334],[-60.5041,-0.8489],[-60.5305,-0.8747],[-60.5908,-0.8531],[-60.5939,-0.872],[-60.62,-0.8631],[-60.6675,-0.8942],[-60.6753,-0.8731],[-60.7522,-0.8609],[-60.7561,-0.7953],[-60.7733,-0.7909],[-60.7605,-0.7611],[-60.7966,-0.7445],[-60.7972,-0.7006],[-60.8428,-0.6903],[-60.8541,-0.6475],[-60.8822,-0.6489],[-60.9078,-0.6236],[-60.9203,-0.555],[-61.0455,-0.5456],[-61.0869,-0.4998],[-61.1483,-0.4989],[-61.1571,-0.515],[-61.2164,-0.4998],[-61.2305,-0.5636],[-61.4283,-0.6339],[-61.4261,-0.6528],[-61.4641,-0.6645],[-61.4827,-0.7172],[-61.5383,-0.7559],[-61.543,-0.852],[-61.5847,-0.9367],[-61.583,-0.9822],[-61.5602,-0.9877],[-61.5436,-1.062],[-61.5761,-1.0789],[-61.5733,-1.1845],[-61.6283,-1.3011],[-61.5816,-1.3531],[-61.6186,-1.3945],[-61.5378,-1.4331],[-61.5159,-1.5021],[-61.4728,-1.5275],[-61.4822,-1.5803],[-61.5716,-1.4778],[-61.635,-1.4336],[-61.7897,-1.3786],[-61.8264,-1.4014],[-61.8961,-1.395],[-62.0391,-1.1181],[-62.0991,-1.0964],[-62.125,-1.037],[-62.1994,-1.0],[-62.2033,-0.9825],[-62.2586,-0.9756],[-62.2933,-0.9478],[-62.3758,-0.8659],[-62.3953,-0.82],[-62.4803,-0.7947],[-62.5097,-0.7586],[-62.4944,-0.7503],[-62.5078,-0.7139],[-62.4861,-0.6811],[-62.428,-0.6925],[-62.4064,-0.727],[-62.3583,-0.7067],[-62.3703,-0.6764],[-62.2903,-0.6463],[-62.2903,-0.6019],[-62.3178,-0.5522],[-62.3087,-0.5138],[-62.2734,-0.4538],[-62.2017,-0.3927],[-62.1878,-0.3305],[-62.2478,-0.3016],[-62.2445,-0.1744],[-62.3192,-0.1022],[-62.3222,-0.0239],[-62.3461,0.0299],[-62.4239,0.0919],[-62.428,0.1739],[-62.4678,0.2761],[-62.4458,0.3794],[-62.4847,0.4544],[-62.5181,0.444],[-62.5325,0.5091],[-62.5178,0.5841],[-62.535,0.6942],[-62.4572,0.7855],[-62.4855,0.8669],[-62.4424,0.9604],[-62.4772,1.0283],[-62.4711,1.0866],[-62.5291,1.0891],[-62.6368,1.434],[-62.7203,1.4888],[-62.7358,1.5299],[-62.8039,1.5907],[-62.7958,1.631],[-62.7232,1.7127],[-62.7305,1.8185],[-62.7037,1.8743],[-62.7055,1.94],[-62.8383,2.0168],[-62.948,2.0313],[-63.0233,2.015],[-63.1067,2.0797],[-63.141,2.1728],[-63.1936,2.1815],[-63.2823,2.1542],[-63.3593,2.1974],[-63.4007,2.2459],[-63.425,2.3646],[-63.3943,2.4074],[-63.4062,2.4361],[-63.7084,2.3806],[-63.8335,2.4084],[-64.0,2.4789],[-64.021,2.4678],[-64.0555,2.4981],[-64.0409,2.5767],[-63.9842,2.6534],[-64.0027,2.7077],[-63.9823,2.7177],[-63.9935,2.7701],[-64.0127,2.8194],[-64.0572,2.8508],[-64.071,2.938],[-64.1108,2.9608],[-64.1723,3.0584],[-64.2338,3.1141],[-64.2077,3.1892],[-64.2407,3.3153],[-64.2348,3.3851],[-64.2547,3.4114],[-64.1862,3.5],[-64.1851,3.5601],[-64.2885,3.7001],[-64.4278,3.7804],[-64.4879,3.7911],[-64.5677,3.8822],[-64.5796,3.9287],[-64.6732,4.0051],[-64.7314,4.1207],[-64.8099,4.175],[-64.8242,4.2437],[-64.7925,4.2867],[-64.6984,4.2516],[-64.6579,4.2123],[-64.6233,4.1347],[-64.5598,4.1023],[-64.289,4.1442],[-64.2149,4.1159],[-64.1637,4.1267],[-64.1121,4.0917],[-64.0965,4.0256],[-64.0501,3.9506],[-64.0009,3.9318],[-63.9638,3.8685],[-63.9258,3.9263],[-63.859,3.948],[-63.7578,3.9392],[-63.7123,3.9037],[-63.682,3.9079],[-63.663,3.9219],[-63.6998,3.9448],[-63.6802,4.0174],[-63.5915,3.9287],[-63.5881,3.8859],[-63.555,3.891],[-63.5512,3.8653],[-63.4982,3.8431],[-63.4898,3.8738],[-63.4345,3.8679],[-63.4109,3.9139],[-63.4498,3.9549],[-63.4282,3.9776],[-63.3378,3.9583],[-63.3119,3.9613],[-63.3107,3.9819],[-63.2788,3.9571],[-63.2057,3.9518],[-63.2328,3.8816],[-63.2259,3.8359],[-63.2036,3.812],[-63.1026,3.7937],[-63.0591,3.748],[-63.0628,3.7054],[-63.0806,3.6937],[-63.0317,3.6662],[-62.9897,3.6123],[-62.9596,3.6081],[-62.9182,3.6719],[-62.8349,3.7378],[-62.8037,3.7301],[-62.7466,3.6735],[-62.7362,3.6895],[-62.7428,3.7875],[-62.7284,3.8051],[-62.7709,3.8349],[-62.7535,3.8504],[-62.7881,3.8937],[-62.7845,3.9286],[-62.7432,3.9741],[-62.7679,4.0061],[-62.7472,4.0349],[-62.6086,4.0435],[-62.5564,4.0181],[-62.5616,4.0364],[-62.5331,4.0473],[-62.5571,4.0803],[-62.552,4.1092],[-62.5232,4.1186],[-62.5309,4.1367],[-62.4776,4.1312],[-62.4553,4.1569],[-62.4623,4.1783],[-62.4371,4.1834],[-62.3529,4.1656],[-62.3265,4.135],[-62.2915,4.1417],[-62.1965,4.1134],[-62.1451,4.0753],[-62.113,4.0919],[-62.0965,4.1278],[-62.0712,4.1256],[-62.0762,4.1542],[-62.0274,4.1522],[-61.9837,4.1797],[-61.93,4.1037],[-61.9225,4.1559],[-61.8712,4.1543],[-61.8686,4.1732],[-61.8234,4.164],[-61.8,4.2276],[-61.7631,4.2328],[-61.7744,4.2499],[-61.7229,4.2698],[-61.7244,4.2475],[-61.6656,4.2632],[-61.638,4.2386],[-61.6076,4.2614],[-61.59,4.2445],[-61.5591,4.2546],[-61.5076,4.3215],[-61.5262,4.3415],[-61.5128,4.4066],[-61.4477,4.4394],[-61.4384,4.4249],[-61.344,4.4201],[-61.319,4.4305],[-61.3126,4.458],[-61.2889,4.4582],[-61.2783,4.4784],[-61.321,4.504],[-61.3214,4.5351],[-61.269,4.54],[-61.2516,4.5225],[-61.2165,4.5346],[-61.1461,4.4829],[-61.0921,4.5228],[-60.9956,4.518],[-60.9571,4.5517],[-60.9557,4.584],[-60.9319,4.5867],[-60.9491,4.653],[-60.917,4.6653],[-60.9002,4.7158],[-60.8532,4.7043],[-60.806,4.7486],[-60.7427,4.7617],[-60.6584,4.8502],[-60.6518,4.885],[-60.5913,4.9272],[-60.5835,4.9561],[-60.6416,5.0569],[-60.6561,5.1567],[-60.6861,5.1947],[-60.7356,5.2023],[-60.7226,5.2203],[-60.6504,5.2307],[-60.5701,5.1969],[-60.4531,5.2033],[-60.4337,5.1818],[-60.4119,5.2138],[-60.3276,5.2059],[-60.2097,5.2709],[-60.1703,5.2277],[-60.135,5.2493],[-60.0944,5.1419],[-59.9962,5.0849],[-60.0075,5.0594],[-59.9897,4.9866],[-60.0392,4.784],[-60.0296,4.7009],[-60.0781,4.649],[-60.0746,4.609],[-60.1263,4.5966],[-60.1398,4.5565],[-60.1568,4.5659],[-60.1619,4.5083],[-60.1043,4.5015],[-60.0909,4.5237],[-60.067,4.5115],[-60.0704,4.4942],[-60.0028,4.4965],[-59.9733,4.4783],[-59.9652,4.5034],[-59.9337,4.4945],[-59.905,4.4561],[-59.8724,4.4804],[-59.8592,4.4496],[-59.8121,4.4458],[-59.7936,4.4658],[-59.7939,4.4465],[-59.6751,4.3728],[-59.6779,4.3409],[-59.731,4.2845],[-59.7073,4.2684],[-59.7351,4.2355],[-59.724,4.1828],[-59.6801,4.147],[-59.6159,4.1325],[-59.6488,4.0718],[-59.615,4.054],[-59.5893,3.996],[-59.5743,4.002],[-59.5843,3.9678],[-59.5478,3.9792],[-59.5175,3.9435],[-59.5939,3.8843],[-59.5782,3.832],[-59.5954,3.7962],[-59.6329,3.7967],[-59.6788,3.7588],[-59.6679,3.7035],[-59.7431,3.6597],[-59.7657,3.6266],[-59.85,3.6043],[-59.8652,3.5773],[-59.87,3.5631],[-59.8031,3.5075],[-59.8411,3.4265],[-59.8152,3.4262],[-59.8062,3.3548],[-59.8328,3.3529],[-59.8271,3.3343],[-59.8731,3.2777],[-59.8875,3.2422],[-59.8749,3.2239],[-59.9077,3.2105],[-59.8997,3.1546],[-59.9164,3.1459]]]]}},{"type":"Feature","properties":{"id":"sc","nome":"Santa Catarina","sigla":"SC"},"geometry":{"type":"MultiPolygon","coordinates":[[[[-53.7205,-26.5599],[-53.74,-26.5448],[-53.7191,-26.5371],[-53.7248,-26.5001],[-53.7039,-26.5066],[-53.6942,-26.4897],[-53.7029,-26.4413],[-53.6874,-26.4425],[-53.7074,-26.3872],[-53.6445,-26.2871],[-53.6426,-26.2523],[-53.586,-26.255],[-53.5512,-26.2923],[-53.4967,-26.3023],[-53.3751,-26.2416],[-53.3054,-26.2593],[-53.281,-26.2467],[-53.2519,-26.2986],[-53.0901,-26.39],[-52.9898,-26.3473],[-52.95,-26.3618],[-52.7373,-26.3417],[-52.6781,-26.3522],[-52.601,-26.4135],[-52.5225,-26.4006],[-52.4608,-26.4394],[-52.4006,-26.4227],[-52.3762,-26.4401],[-52.3045,-26.4403],[-52.2823,-26.462],[-52.2199,-26.4655],[-52.1851,-26.4449],[-52.1573,-26.4714],[-52.0992,-26.4823],[-52.0929,-26.5125],[-52.0107,-26.5661],[-51.8991,-26.5797],[-51.8731,-26.5997],[-51.8182,-26.5796],[-51.6946,-26.5829],[-51.6646,-26.5656],[-51.6146,-26.5905],[-51.5096,-26.5817],[-51.4348,-26.6876],[-51.4066,-26.7001],[-51.411,-26.7168],[-51.3908,-26.6634],[-51.2829,-26.6535],[-51.2282,-26.6155],[-51.2233,-26.5503],[-51.2738,-26.4966],[-51.2535,-26.463],[-51.2774,-26.4578],[-51.2973,-26.419],[-51.2522,-26.3759],[-51.2428,-26.3236],[-51.2079,-26.2966],[-51.1045,-26.2749],[-51.0827,-26.2279],[-51.0547,-26.2445],[-51.0,-26.23],[-50.9442,-26.282],[-50.9345,-26.2334],[-50.9076,-26.2511],[-50.8995,-26.2886],[-50.8686,-26.2418],[-50.8385,-26.2708],[-50.7928,-26.2272],[-50.7579,-26.2212],[-50.745,-26.2459],[-50.718,-26.2443],[-50.7313,-26.2029],[-50.6476,-26.126],[-50.6568,-26.1026],[-50.6279,-26.0626],[-50.5526,-26.0549],[-50.5549,-26.0415],[-50.5917,-26.0421],[-50.5713,-26.0033],[-50.5491,-26.0389],[-50.4592,-26.0266],[-50.4331,-26.0606],[-50.4029,-26.0572],[-50.3711,-26.0797],[-50.367,-26.1117],[-50.3231,-26.1344],[-50.3316,-26.0832],[-50.2678,-26.0421],[-50.2515,-26.0508],[-50.251,-26.0297],[-50.182,-26.0785],[-50.1554,-26.0416],[-50.182,-26.0339],[-50.1714,-26.0247],[-50.1415,-26.0271],[-50.1491,-26.0579],[-50.1343,-26.043],[-50.1206,-26.0639],[-50.0843,-26.023],[-50.0777,-26.0459],[-50.0393,-26.0265],[-50.0058,-26.0448],[-50.0111,-26.0135],[-49.9931,-26.0111],[-49.9641,-26.0248],[-49.9722,-26.0578],[-49.9417,-26.0084],[-49.9348,-26.0317],[-49.865,-26.0347],[-49.8421,-26.0639],[-49.8321,-26.0527],[-49.8431,-26.0725],[-49.7779,-26.1189],[-49.7676,-26.1043],[-49.7481,-26.1395],[-49.7244,-26.1432],[-49.7273,-26.1699],[-49.7102,-26.1539],[-49.6763,-26.1755],[-49.6893,-26.188],[-49.6527,-26.1867],[-49.6452,-26.2091],[-49.6299,-26.1905],[-49.6347,-26.2081],[-49.6018,-26.2272],[-49.5871,-26.217],[-49.5903,-26.2297],[-49.5774,-26.2135],[-49.5546,-26.2368],[-49.5397,-26.2133],[-49.4961,-26.2208],[-49.4864,-26.1801],[-49.4587,-26.1622],[-49.3698,-26.1555],[-49.2893,-26.1022],[-49.294,-26.0845],[-49.2655,-26.0785],[-49.2375,-26.0309],[-49.1748,-26.0013],[-49.1408,-26.0151],[-49.1251,-25.9957],[-49.0706,-25.9992],[-49.0547,-26.02],[-49.0404,-26.0035],[-48.9977,-26.0113],[-48.978,-25.9888],[-48.9502,-25.9897],[-48.9603,-25.9793],[-48.6802,-25.9806],[-48.6429,-25.9558],[-48.633,-25.977],[-48.5939,-25.9766],[-48.606,-26.0663],[-48.5805,-26.1648],[-48.5299,-26.1635],[-48.5156,-26.2225],[-48.4924,-26.2187],[-48.6643,-26.5797],[-48.6866,-26.669],[-48.6798,-26.7264],[-48.6612,-26.77],[-48.585,-26.783],[-48.6021,-26.8266],[-48.6277,-26.8352],[-48.6427,-26.9015],[-48.6212,-26.9253],[-48.6335,-26.9776],[-48.6208,-26.9993],[-48.5869,-26.9914],[-48.5669,-27.0074],[-48.5868,-27.0803],[-48.6118,-27.0998],[-48.6021,-27.1246],[-48.5488,-27.1571],[-48.5069,-27.111],[-48.5015,-27.1454],[-48.4652,-27.1447],[-48.4965,-27.1666],[-48.4803,-27.2075],[-48.517,-27.2205],[-48.4999,-27.2003],[-48.5297,-27.1809],[-48.6066,-27.2196],[-48.6161,-27.2507],[-48.5958,-27.3161],[-48.5397,-27.2979],[-48.5238,-27.3336],[-48.5258,-27.3757],[-48.5561,-27.3664],[-48.5662,-27.423],[-48.6259,-27.4337],[-48.6467,-27.4825],[-48.6165,-27.5583],[-48.5672,-27.5954],[-48.5878,-27.6189],[-48.6204,-27.6028],[-48.6435,-27.6427],[-48.6011,-27.6613],[-48.5882,-27.7509],[-48.6013,-27.7769],[-48.5753,-27.8443],[-48.602,-27.867],[-48.5735,-27.8896],[-48.623,-27.9508],[-48.6298,-28.0106],[-48.5983,-28.0302],[-48.663,-28.1812],[-48.667,-28.2151],[-48.646,-28.2335],[-48.7013,-28.2978],[-48.698,-28.337],[-48.7406,-28.3863],[-48.7397,-28.423],[-48.7667,-28.4643],[-48.7425,-28.5076],[-48.8102,-28.585],[-48.8093,-28.605],[-48.9961,-28.6844],[-49.2906,-28.8825],[-49.5135,-29.0925],[-49.7113,-29.3254],[-49.7443,-29.3279],[-49.7299,-29.3173],[-49.7487,-29.2966],[-49.8405,-29.2771],[-49.8685,-29.224],[-49.9625,-29.1984],[-50.0001,-29.2268],[-50.1142,-29.2588],[-50.0349,-29.347],[-50.0645,-29.3409],[-50.0573,-29.3272],[-50.0859,-29.3228],[-50.123,-29.2814],[-50.1288,-29.3027],[-50.1471,-29.2877],[-50.1453,-29.2563],[-50.166,-29.2473],[-50.1328,-29.2154],[-50.1514,-29.2026],[-50.0933,-29.2129],[-50.111,-29.2234],[-50.1106,-29.2372],[-50.0927,-29.2219],[-50.0934,-29.2372],[-50.0989,-29.1632],[-50.0788,-29.156],[-50.0919,-29.1671],[-50.0763,-29.1894],[-50.0164,-29.1809],[-50.0135,-29.1278],[-49.9864,-29.1361],[-49.9906,-29.1188],[-49.9624,-29.1175],[-49.967,-29.0835],[-49.9396,-29.0567],[-50.007,-29.0716],[-49.9587,-29.0489],[-49.9381,-29.0231],[-49.9643,-29.022],[-49.938,-28.9782],[-49.92,-28.9782],[-49.9559,-28.9613],[-49.9435,-28.9232],[-49.9652,-28.9217],[-49.9286,-28.8709],[-49.9662,-28.8734],[-49.945,-28.8487],[-49.9583,-28.8521],[-49.9635,-28.8217],[-49.9594,-28.8008],[-49.9464,-28.8057],[-49.9531,-28.7597],[-49.9215,-28.7456],[-49.9349,-28.7276],[-49.9036,-28.7066],[-49.8752,-28.7444],[-49.8716,-28.704],[-49.8416,-28.7135],[-49.8207,-28.6932],[-49.8373,-28.6666],[-49.7821,-28.6108],[-49.7804,-28.6298],[-49.7577,-28.6152],[-49.7541,-28.6285],[-49.6918,-28.6247],[-49.7111,-28.5729],[-49.7475,-28.5462],[-49.7278,-28.518],[-49.7445,-28.4938],[-49.7697,-28.4938],[-49.7647,-28.4597],[-49.7829,-28.4958],[-49.8094,-28.4675],[-49.8393,-28.4957],[-49.869,-28.4801],[-49.8769,-28.4541],[-49.8575,-28.4431],[-49.8959,-28.4431],[-49.8981,-28.4627],[-49.9273,-28.4511],[-49.943,-28.4815],[-49.971,-28.4386],[-50.0181,-28.4518],[-50.0357,-28.4774],[-50.0996,-28.4848],[-50.1241,-28.4738],[-50.1111,-28.4447],[-50.1263,-28.4289],[-50.159,-28.4596],[-50.139,-28.4937],[-50.1565,-28.4972],[-50.1765,-28.4523],[-50.2003,-28.4439],[-50.2226,-28.4625],[-50.2466,-28.4287],[-50.2711,-28.4562],[-50.3278,-28.4338],[-50.3453,-28.4628],[-50.3567,-28.4204],[-50.3792,-28.4455],[-50.4554,-28.4104],[-50.5271,-28.4036],[-50.5364,-28.4286],[-50.5912,-28.3817],[-50.6246,-28.391],[-50.6978,-28.2663],[-50.7489,-28.2472],[-50.7655,-28.1884],[-50.7882,-28.1979],[-50.786,-28.1428],[-50.818,-28.14],[-50.828,-28.1187],[-50.8687,-28.1372],[-50.8756,-28.0943],[-50.9014,-28.0867],[-50.8765,-28.0409],[-50.9223,-28.0112],[-50.9284,-27.9686],[-50.9844,-27.9418],[-51.0101,-27.9626],[-51.0171,-27.9252],[-51.0558,-27.901],[-51.0538,-27.8674],[-51.0794,-27.8581],[-51.0816,-27.8344],[-51.1308,-27.8296],[-51.1334,-27.8059],[-51.1904,-27.7767],[-51.2348,-27.7789],[-51.2731,-27.7491],[-51.2755,-27.7235],[-51.3082,-27.719],[-51.3161,-27.6742],[-51.3692,-27.672],[-51.3862,-27.6234],[-51.4322,-27.6545],[-51.4899,-27.5596],[-51.5477,-27.5597],[-51.5686,-27.5835],[-51.586,-27.5605],[-51.5798,-27.5241],[-51.6314,-27.5378],[-51.6311,-27.4888],[-51.6565,-27.5197],[-51.6866,-27.479],[-51.7238,-27.513],[-51.7529,-27.4869],[-51.7979,-27.4906],[-51.795,-27.5298],[-51.8205,-27.5123],[-51.8469,-27.5254],[-51.8423,-27.4857],[-51.8569,-27.4752],[-51.889,-27.5198],[-51.9001,-27.4643],[-51.9547,-27.4737],[-51.9337,-27.4319],[-52.0073,-27.4016],[-51.9505,-27.3808],[-52.0201,-27.3615],[-52.0178,-27.3313],[-52.0975,-27.3479],[-52.1074,-27.3092],[-52.1662,-27.3114],[-52.166,-27.2734],[-52.2122,-27.3303],[-52.2739,-27.3025],[-52.2345,-27.2703],[-52.2534,-27.257],[-52.3013,-27.2596],[-52.2976,-27.3166],[-52.346,-27.288],[-52.3749,-27.3038],[-52.3806,-27.2594],[-52.3994,-27.258],[-52.3953,-27.2922],[-52.4188,-27.2822],[-52.4454,-27.2172],[-52.4781,-27.2349],[-52.4792,-27.2644],[-52.5358,-27.2595],[-52.549,-27.2382],[-52.6309,-27.2644],[-52.6665,-27.2379],[-52.6986,-27.282],[-52.7146,-27.2364],[-52.7542,-27.2567],[-52.7589,-27.2152],[-52.8437,-27.2061],[-52.85,-27.1685],[-52.9251,-27.2019],[-52.9513,-27.1616],[-52.9772,-27.2207],[-52.9997,-27.2064],[-52.9831,-27.1642],[-52.9933,-27.1378],[-53.0261,-27.1567],[-53.0426,-27.1455],[-53.018,-27.0902],[-53.0285,-27.0801],[-53.0758,-27.1035],[-53.0718,-27.1571],[-53.1326,-27.1778],[-53.1579,-27.1384],[-53.1882,-27.191],[-53.2424,-27.1703],[-53.3095,-27.2169],[-53.3183,-27.1947],[-53.2941,-27.1339],[-53.372,-27.0905],[-53.4107,-27.1403],[-53.4575,-27.1556],[-53.506,-27.1379],[-53.4915,-27.2017],[-53.5635,-27.173],[-53.6186,-27.1884],[-53.642,-27.2204],[-53.6661,-27.1617],[-53.7364,-27.1912],[-53.7726,-27.1478],[-53.8338,-27.1693],[-53.8263,-27.1458],[-53.7979,-27.1445],[-53.8237,-27.1308],[-53.8044,-27.1175],[-53.8176,-27.1021],[-53.7773,-27.1009],[-53.8033,-27.082],[-53.7971,-27.0659],[-53.7711,-27.0725],[-53.799,-27.0442],[-53.758,-27.0616],[-53.7833,-27.0255],[-53.7641,-27.0424],[-53.7465,-27.0305],[-53.7588,-27.0103],[-53.7163,-26.9877],[-53.7351,-26.9739],[-53.7014,-26.9556],[-53.7072,-26.9324],[-53.6702,-26.9414],[-53.695,-26.9281],[-53.671,-26.893],[-53.6933,-26.8863],[-53.6793,-26.8693],[-53.6949,-26.8576],[-53.66,-26.8591],[-53.6938,-26.8453],[-53.7149,-26.7834],[-53.6989,-26.7688],[-53.7427,-26.7622],[-53.7145,-26.7482],[-53.7296,-26.7311],[-53.7482,-26.7396],[-53.7538,-26.7136],[-53.733,-26.7155],[-53.7418,-26.6841],[-53.7153,-26.6822],[-53.7292,-26.6762],[-53.7198,-26.6518],[-53.7545,-26.6422],[-53.7296,-26.6216],[-53.7309,-26.5861],[-53.7059,-26.5593],[-53.7205,-26.5599]]],[[[-48.4104,-27.3894],[-48.3891,-27.437],[-48.3594,-27.4482],[-48.4253,-27.5419],[-48.4192,-27.593],[-48.5006,-27.7142],[-48.5061,-27.7449],[-48.4754,-27.7692],[-48.4991,-27.7935],[-48.5262,-27.7859],[-48.544,-27.83],[-48.5696,-27.8357],[-48.5597,-27.792],[-48.5802,-27.7617],[-48.5595,-27.7506],[-48.5503,-27.6982],[-48.5711,-27.6729],[-48.5532,-27.6495],[-48.5238,-27.6501],[-48.528,-27.6141],[-48.5639,-27.5932],[-48.5172,-27.5737],[-48.5081,-27.5476],[-48.5301,-27.539],[-48.515,-27.5143],[-48.539,-27.4904],[-48.5231,-27.452],[-48.5472,-27.4584],[-48.5194,-27.4291],[-48.4831,-27.4379],[-48.4282,-27.4166],[-48.4348,-27.3929],[-48.4104,-27.3894]]],[[[-48.5654,-27.4772],[-48.5621,-27.4739],[-48.5636,-27.4795],[-48.5654,-27.4772]]]]}},{"type":"Feature","properties":{"id":"se","nome":"Sergipe","sigla":"SE"},"geometry":{"type":"MultiPolygon","coordinates":[[[[-37.9601,-9.5328],[-37.8936,-9.54],[-37.7848,-9.6382],[-37.7114,-9.6309],[-37.5814,-9.7335],[-37.4665,-9.7491],[-37.3505,-9.7916],[-37.285,-9.8305],[-37.2371,-9.8939],[-37.1525,-9.9004],[-37.0493,-9.9862],[-36.9916,-9.9768],[-36.9667,-9.9936],[-36.954,-10.0702],[-36.9105,-10.1375],[-36.8504,-10.1617],[-36.8366,-10.2017],[-36.7199,-10.2645],[-36.6233,-10.2577],[-36.5714,-10.3185],[-36.5638,-10.4159],[-36.5096,-10.4324],[-36.4557,-10.4072],[-36.3934,-10.4981],[-36.3995,-10.5192],[-36.4925,-10.5355],[-36.62,-10.589],[-36.8538,-10.7431],[-36.9936,-10.9028],[-37.1514,-11.1623],[-37.2601,-11.2876],[-37.3295,-11.4447],[-37.3584,-11.4452],[-37.4439,-11.5161],[-37.5051,-11.5254],[-37.5175,-11.5476],[-37.5782,-11.551],[-37.5884,-11.5282],[-37.6027,-11.5398],[-37.6506,-11.5183],[-37.6699,-11.5636],[-37.6996,-11.562],[-37.703,-11.5402],[-37.7267,-11.5524],[-37.73,-11.5377],[-37.8133,-11.5139],[-37.8087,-11.4964],[-37.8628,-11.4648],[-37.8487,-11.4447],[-37.8803,-11.433],[-37.8655,-11.428],[-37.8985,-11.4365],[-37.9047,-11.4109],[-37.9288,-11.403],[-37.9435,-11.4232],[-37.9524,-11.3955],[-37.9775,-11.3932],[-37.9692,-11.3735],[-37.9994,-11.3401],[-37.9876,-11.3313],[-38.003,-11.2891],[-37.974,-11.1948],[-38.0476,-11.177],[-38.072,-11.1525],[-38.0701,-11.1206],[-38.0953,-11.1026],[-38.0786,-11.074],[-38.1061,-11.0154],[-38.1756,-10.9849],[-38.184,-10.9419],[-38.2291,-10.9155],[-38.2404,-10.8763],[-38.2415,-10.8002],[-38.2126,-10.7586],[-38.2115,-10.7087],[-38.0579,-10.7081],[-38.0229,-10.7626],[-37.9995,-10.7639],[-37.8135,-10.6906],[-37.8402,-10.5491],[-37.8126,-10.5081],[-37.8587,-10.426],[-37.8386,-10.3787],[-37.7362,-10.3316],[-37.7825,-10.1802],[-37.7764,-10.1357],[-37.8314,-10.0005],[-37.927,-9.9652],[-37.9597,-9.9699],[-37.9973,-9.9163],[-37.9663,-9.8156],[-38.0167,-9.787],[-38.0375,-9.749],[-38.0395,-9.6862],[-37.9875,-9.647],[-38.0349,-9.6122],[-38.04,-9.5727],[-38.0186,-9.5634],[-38.003,-9.5146],[-37.9601,-9.5328]]]]}},{"type":"Feature","properties":{"id":"sp","nome":"São Paulo","sigla":"SP"},"geometry":{"type":"MultiPolygon","coordinates":[[[[-46.1377,-23.8589],[-46.1241,-23.8594],[-46.1381,-23.8908],[-46.1793,-23.9239],[-46.166,-23.9443],[-46.1814,-23.99],[-46.2441,-23.9909],[-46.287,-24.044],[-46.2944,-24.0161],[-46.3237,-24.0217],[-46.3126,-23.9807],[-46.3842,-23.9699],[-46.3746,-23.9858],[-46.3989,-24.0331],[-46.4166,-24.0133],[-46.4978,-24.0399],[-46.9404,-24.28],[-47.0002,-24.3293],[-47.0182,-24.3754],[-47.0092,-24.4136],[-47.1375,-24.4858],[-47.2263,-24.5693],[-47.6163,-24.7917],[-47.8415,-24.9745],[-47.8877,-25.0532],[-47.9095,-25.0529],[-47.8943,-25.1064],[-47.9125,-25.158],[-48.0985,-25.3109],[-48.0231,-25.2305],[-48.0569,-25.2179],[-48.0616,-25.2395],[-48.1144,-25.2502],[-48.1867,-25.1984],[-48.1564,-25.1441],[-48.2117,-25.0849],[-48.2091,-25.0282],[-48.2512,-24.9782],[-48.2778,-25.0326],[-48.2989,-25.0239],[-48.3332,-25.0701],[-48.3237,-25.0362],[-48.3507,-25.036],[-48.4106,-24.9796],[-48.4736,-25.012],[-48.4828,-25.0527],[-48.5281,-25.1003],[-48.5822,-25.0511],[-48.5975,-25.0028],[-48.567,-24.9717],[-48.5716,-24.8945],[-48.5588,-24.9007],[-48.5464,-24.8733],[-48.5673,-24.847],[-48.4988,-24.7385],[-48.5313,-24.7363],[-48.5814,-24.6711],[-48.6161,-24.6682],[-48.6608,-24.706],[-48.6765,-24.6711],[-48.6936,-24.6702],[-48.6899,-24.6929],[-48.7033,-24.6801],[-48.7533,-24.6937],[-48.7568,-24.6794],[-48.7782,-24.6962],[-48.8283,-24.6551],[-48.858,-24.6572],[-48.851,-24.6741],[-48.958,-24.6848],[-49.0093,-24.6577],[-49.0042,-24.6339],[-49.0418,-24.64],[-49.0553,-24.6821],[-49.1852,-24.6722],[-49.2084,-24.7003],[-49.3048,-24.6721],[-49.3155,-24.555],[-49.2809,-24.5367],[-49.295,-24.5009],[-49.2467,-24.4687],[-49.2522,-24.4336],[-49.235,-24.4105],[-49.2534,-24.4073],[-49.2003,-24.344],[-49.283,-24.3075],[-49.3049,-24.2509],[-49.3554,-24.2115],[-49.3368,-24.1372],[-49.4298,-24.0869],[-49.463,-24.0269],[-49.4867,-24.0241],[-49.4932,-23.9771],[-49.5157,-23.9695],[-49.4994,-23.9588],[-49.5206,-23.9456],[-49.5111,-23.9254],[-49.5565,-23.9222],[-49.5731,-23.8775],[-49.5856,-23.8885],[-49.6102,-23.8512],[-49.5619,-23.8181],[-49.5715,-23.7546],[-49.5636,-23.7317],[-49.5486,-23.736],[-49.5494,-23.7032],[-49.6166,-23.6391],[-49.5997,-23.5351],[-49.6287,-23.5117],[-49.6141,-23.5077],[-49.6144,-23.4717],[-49.5981,-23.4767],[-49.5952,-23.4399],[-49.5725,-23.4434],[-49.5666,-23.4267],[-49.6189,-23.3965],[-49.5899,-23.3823],[-49.6371,-23.3492],[-49.6212,-23.3314],[-49.6253,-23.2861],[-49.6778,-23.1646],[-49.73,-23.141],[-49.7409,-23.0988],[-49.7899,-23.1018],[-49.8332,-23.0655],[-49.9111,-23.0506],[-49.901,-22.9987],[-49.9717,-22.9587],[-49.9609,-22.9304],[-49.9857,-22.897],[-49.9958,-22.929],[-50.0461,-22.902],[-50.067,-22.927],[-50.1828,-22.9533],[-50.2382,-22.9526],[-50.2729,-22.9305],[-50.3397,-22.9476],[-50.3799,-22.9044],[-50.4164,-22.9128],[-50.4275,-22.9445],[-50.5044,-22.9458],[-50.5409,-22.9116],[-50.5765,-22.9035],[-50.6084,-22.9233],[-50.6618,-22.8952],[-50.7093,-22.953],[-50.7411,-22.9609],[-50.8056,-22.9398],[-50.7925,-22.8939],[-50.8904,-22.7953],[-50.9446,-22.8036],[-50.9611,-22.7857],[-51.0036,-22.7922],[-51.0571,-22.7656],[-51.1544,-22.7524],[-51.2348,-22.7082],[-51.2633,-22.6686],[-51.4458,-22.6528],[-51.4984,-22.69],[-51.5591,-22.6967],[-51.6281,-22.658],[-51.7177,-22.6685],[-51.7528,-22.6173],[-51.873,-22.6278],[-51.94,-22.5669],[-52.1071,-22.5162],[-52.1483,-22.5488],[-52.1562,-22.6442],[-52.223,-22.6738],[-52.2499,-22.6149],[-52.3043,-22.636],[-52.4348,-22.6069],[-52.5028,-22.6336],[-52.5862,-22.566],[-52.7012,-22.627],[-52.8149,-22.5966],[-52.8578,-22.6075],[-52.9242,-22.5651],[-52.9719,-22.57],[-53.0873,-22.6579],[-53.1078,-22.5968],[-52.9981,-22.4927],[-52.8573,-22.441],[-52.7978,-22.3778],[-52.4925,-22.2195],[-52.4077,-22.1412],[-52.3449,-22.0615],[-52.3083,-21.9514],[-52.1901,-21.8457],[-52.1608,-21.7703],[-52.076,-21.7144],[-52.049,-21.6426],[-52.1028,-21.5586],[-52.0773,-21.5147],[-51.9674,-21.5013],[-51.9282,-21.4553],[-51.9056,-21.3848],[-51.8672,-21.3512],[-51.848,-21.2662],[-51.8788,-21.1974],[-51.8754,-21.1357],[-51.7892,-21.1016],[-51.7247,-20.9797],[-51.6656,-20.9701],[-51.6185,-20.932],[-51.6344,-20.7544],[-51.5865,-20.6343],[-51.4997,-20.5677],[-51.3429,-20.3553],[-51.2952,-20.328],[-51.1506,-20.3014],[-51.0687,-20.2496],[-50.966,-20.0341],[-50.7831,-19.9368],[-50.6564,-19.9049],[-50.5755,-19.8156],[-50.4714,-19.7792],[-50.414,-19.8033],[-50.3523,-19.8641],[-50.1023,-19.8754],[-50.0117,-19.9262],[-49.9596,-19.9204],[-49.8908,-19.9432],[-49.782,-19.924],[-49.6407,-19.9314],[-49.551,-19.9054],[-49.503,-19.9194],[-49.487,-19.9548],[-49.4399,-19.9803],[-49.356,-19.9862],[-49.2647,-19.9616],[-49.2479,-19.9992],[-49.2961,-20.0164],[-49.3081,-20.1015],[-49.2988,-20.1666],[-49.2384,-20.2866],[-49.1791,-20.3097],[-49.1203,-20.2688],[-49.0674,-20.154],[-48.9918,-20.1649],[-48.9613,-20.2628],[-48.9684,-20.3933],[-48.8989,-20.4407],[-48.8671,-20.3982],[-48.885,-20.2687],[-48.8579,-20.2294],[-48.8552,-20.1816],[-48.8227,-20.1614],[-48.7291,-20.1498],[-48.6464,-20.1661],[-48.5807,-20.1317],[-48.4906,-20.1376],[-48.4053,-20.113],[-48.3193,-20.113],[-48.2459,-20.1405],[-48.2182,-20.1259],[-48.253,-20.0774],[-48.2405,-20.0289],[-48.2136,-20.0349],[-48.1784,-20.0953],[-48.1116,-20.1434],[-48.07,-20.1461],[-48.0194,-20.1197],[-47.9755,-20.0349],[-47.948,-20.0553],[-47.9336,-20.1074],[-47.8939,-20.1234],[-47.8598,-20.0529],[-47.8754,-20.0295],[-47.8593,-19.9925],[-47.7038,-19.9794],[-47.6355,-20.0479],[-47.5943,-20.0253],[-47.5806,-19.9954],[-47.4733,-19.9615],[-47.4252,-20.0123],[-47.4387,-20.0492],[-47.2674,-20.1568],[-47.2307,-20.2186],[-47.2978,-20.348],[-47.2913,-20.4488],[-47.1539,-20.5192],[-47.0961,-20.6586],[-47.1145,-20.7053],[-47.1654,-20.7014],[-47.1858,-20.7306],[-47.1884,-20.7701],[-47.2243,-20.7996],[-47.2146,-20.8253],[-47.2396,-20.8848],[-47.1433,-20.9819],[-47.1565,-21.0185],[-47.1418,-21.0877],[-47.1127,-21.1044],[-47.133,-21.133],[-47.1183,-21.1853],[-47.0982,-21.213],[-47.0623,-21.2095],[-47.0769,-21.2393],[-47.0518,-21.2461],[-47.0347,-21.3105],[-46.9976,-21.3503],[-47.0108,-21.4218],[-46.9203,-21.4266],[-46.8417,-21.3886],[-46.8323,-21.3673],[-46.7643,-21.3596],[-46.7055,-21.4044],[-46.6652,-21.3612],[-46.6467,-21.3638],[-46.6148,-21.441],[-46.5761,-21.4265],[-46.5198,-21.448],[-46.5088,-21.4694],[-46.5237,-21.5214],[-46.4997,-21.5541],[-46.5214,-21.5842],[-46.5171,-21.6114],[-46.5525,-21.6376],[-46.5654,-21.6789],[-46.6211,-21.675],[-46.6256,-21.7657],[-46.6905,-21.8365],[-46.6471,-21.88],[-46.672,-21.9087],[-46.6668,-21.9321],[-46.613,-22.0091],[-46.6815,-22.0281],[-46.6644,-22.0684],[-46.7228,-22.0765],[-46.7,-22.0947],[-46.6511,-22.0908],[-46.6001,-22.1343],[-46.6455,-22.1799],[-46.6732,-22.1756],[-46.6881,-22.2482],[-46.7104,-22.2635],[-46.705,-22.2954],[-46.7228,-22.3061],[-46.6751,-22.3687],[-46.6605,-22.3655],[-46.6661,-22.4139],[-46.5544,-22.4462],[-46.5491,-22.4685],[-46.5302,-22.4704],[-46.5417,-22.4939],[-46.5048,-22.5166],[-46.4067,-22.54],[-46.4333,-22.5734],[-46.4043,-22.6204],[-46.4242,-22.6331],[-46.3926,-22.6625],[-46.4693,-22.673],[-46.4775,-22.6989],[-46.4523,-22.7271],[-46.3348,-22.7597],[-46.3764,-22.8273],[-46.3837,-22.8695],[-46.3592,-22.8956],[-46.295,-22.8971],[-46.2664,-22.8752],[-46.2377,-22.8937],[-46.1442,-22.8578],[-46.1364,-22.89],[-46.1535,-22.9119],[-46.1386,-22.9223],[-46.0948,-22.8939],[-46.008,-22.8887],[-45.9094,-22.8168],[-45.8885,-22.8753],[-45.8229,-22.8294],[-45.7908,-22.8576],[-45.7657,-22.8419],[-45.7705,-22.8054],[-45.7545,-22.7924],[-45.7131,-22.8143],[-45.7295,-22.7984],[-45.7121,-22.7686],[-45.7278,-22.7232],[-45.7964,-22.7383],[-45.8194,-22.7221],[-45.8112,-22.6983],[-45.7424,-22.6587],[-45.6935,-22.6512],[-45.737,-22.6081],[-45.7165,-22.5781],[-45.6604,-22.5785],[-45.6806,-22.6358],[-45.6646,-22.6502],[-45.5763,-22.6019],[-45.5549,-22.6259],[-45.5839,-22.6512],[-45.5395,-22.6521],[-45.4884,-22.6283],[-45.4713,-22.59],[-45.4125,-22.6217],[-45.3995,-22.6526],[-45.3325,-22.6171],[-45.2742,-22.6157],[-45.2594,-22.5824],[-45.1776,-22.5494],[-45.128,-22.4966],[-45.028,-22.4627],[-44.9654,-22.4747],[-44.9396,-22.4522],[-44.8985,-22.4523],[-44.871,-22.4238],[-44.8329,-22.4304],[-44.8088,-22.4048],[-44.74,-22.4261],[-44.7153,-22.5138],[-44.68,-22.5257],[-44.677,-22.5605],[-44.6413,-22.5589],[-44.633,-22.6087],[-44.5837,-22.6255],[-44.5726,-22.6015],[-44.5485,-22.6057],[-44.5256,-22.619],[-44.5348,-22.637],[-44.5082,-22.6404],[-44.4871,-22.6057],[-44.4059,-22.6071],[-44.409,-22.5878],[-44.384,-22.5732],[-44.3599,-22.5813],[-44.356,-22.6138],[-44.3432,-22.5879],[-44.2853,-22.6092],[-44.2264,-22.6041],[-44.1617,-22.6741],[-44.2015,-22.7319],[-44.25,-22.7571],[-44.2561,-22.7869],[-44.2413,-22.7927],[-44.2695,-22.8298],[-44.3738,-22.8576],[-44.413,-22.8477],[-44.4666,-22.8846],[-44.4943,-22.846],[-44.5438,-22.8844],[-44.6066,-22.8852],[-44.659,-22.9274],[-44.6735,-22.9178],[-44.7434,-22.9471],[-44.7548,-22.9798],[-44.792,-22.9817],[-44.8244,-23.161],[-44.8726,-23.1838],[-44.8885,-23.224],[-44.8746,-23.2487],[-44.8365,-23.2563],[-44.8262,-23.2907],[-44.787,-23.2996],[-44.7779,-23.3385],[-44.724,-23.3676],[-44.8438,-23.3869],[-44.8535,-23.361],[-44.8911,-23.3725],[-44.8854,-23.3415],[-44.9074,-23.3332],[-44.9786,-23.4001],[-45.0609,-23.4196],[-45.0593,-23.4566],[-45.0187,-23.4613],[-45.0634,-23.4687],[-45.0816,-23.5213],[-45.0836,-23.4953],[-45.124,-23.5022],[-45.1079,-23.5073],[-45.1136,-23.5254],[-45.1712,-23.4931],[-45.162,-23.5418],[-45.1855,-23.541],[-45.1951,-23.5197],[-45.2278,-23.5376],[-45.2111,-23.5825],[-45.2631,-23.5967],[-45.2972,-23.5716],[-45.358,-23.6243],[-45.4061,-23.6228],[-45.4323,-23.6837],[-45.4204,-23.7259],[-45.3968,-23.725],[-45.411,-23.7497],[-45.4046,-23.8196],[-45.4308,-23.8318],[-45.4647,-23.8182],[-45.513,-23.84],[-45.5612,-23.7911],[-45.6231,-23.8036],[-45.6426,-23.7777],[-45.844,-23.7576],[-45.978,-23.787],[-46.0441,-23.8304],[-46.0754,-23.8165],[-46.1377,-23.8589]]],[[[-45.3209,-23.9149],[-45.4274,-23.9404],[-45.4597,-23.915],[-45.4617,-23.8878],[-45.3659,-23.8096],[-45.3288,-23.721],[-45.2612,-23.7425],[-45.2296,-23.7763],[-45.2482,-23.8244],[-45.2279,-23.8382],[-45.2722,-23.8383],[-45.2897,-23.8659],[-45.2689,-23.8745],[-45.2718,-23.8915],[-45.2244,-23.9025],[-45.2381,-23.908],[-45.2268,-23.9408],[-45.2673,-23.9633],[-45.2902,-23.9102],[-45.3209,-23.9149]]],[[[-45.0778,-23.5353],[-45.0394,-23.5344],[-45.0792,-23.5638],[-45.0778,-23.5353]]],[[[-45.1398,-23.7999],[-45.1197,-23.8173],[-45.1564,-23.8129],[-45.1398,-23.7999]]],[[[-45.1634,-23.5667],[-45.1563,-23.5593],[-45.1517,-23.5631],[-45.1476,-23.5664],[-45.1458,-23.5702],[-45.1501,-23.5695],[-45.1527,-23.5684],[-45.1576,-23.5728],[-45.1611,-23.5691],[-45.1634,-23.5667]]],[[[-45.0197,-23.7587],[-45.0186,-23.7542],[-45.0093,-23.7522],[-45.0087,-23.7594],[-45.0119,-23.7621],[-45.0159,-23.7653],[-45.0203,-23.7629],[-45.0197,-23.7587]]],[[[-45.779,-23.8676],[-45.7818,-23.8705],[-45.7869,-23.8673],[-45.7874,-23.862],[-45.7846,-23.8584],[-45.7788,-23.8573],[-45.7755,-23.8587],[-45.779,-23.8676]]],[[[-45.2936,-23.5961],[-45.2923,-23.5932],[-45.286,-23.5931],[-45.2808,-23.5931],[-45.2828,-23.6011],[-45.2886,-23.6008],[-45.2953,-23.6],[-45.2936,-23.5961]]],[[[-45.0186,-23.7542],[-45.0243,-23.7519],[-45.0227,-23.7436],[-45.0184,-23.744],[-45.0146,-23.7467],[-45.0168,-23.7508],[-45.0186,-23.7542]]],[[[-45.7259,-23.8006],[-45.7191,-23.7978],[-45.7145,-23.803],[-45.7174,-23.8042],[-45.724,-23.803],[-45.7259,-23.8006]]],[[[-45.526,-23.8493],[-45.5228,-23.8457],[-45.5202,-23.8486],[-45.5222,-23.8544],[-45.5252,-23.854],[-45.526,-23.8493]]],[[[-46.9067,-24.3897],[-46.9031,-24.3872],[-46.9018,-24.3942],[-46.9034,-24.3966],[-46.9063,-24.3944],[-46.9067,-24.3897]]],[[[-46.9094,-24.3738],[-46.9045,-24.3738],[-46.9045,-24.3774],[-46.9086,-24.3805],[-46.9107,-24.3774],[-46.9094,-24.3738]]],[[[-45.0333,-23.5487],[-45.028,-23.5451],[-45.0247,-23.544],[-45.0258,-23.5493],[-45.0333,-23.5487]]],[[[-44.8514,-23.3992],[-44.8534,-23.4032],[-44.855,-23.398],[-44.8494,-23.3949],[-44.8514,-23.3992]]],[[[-44.9485,-23.3862],[-44.945,-23.3834],[-44.9405,-23.3835],[-44.9445,-23.3874],[-44.9485,-23.3862]]],[[[-46.9799,-24.371],[-46.979,-24.3679],[-46.9749,-24.3696],[-46.977,-24.3723],[-46.9799,-24.371]]],[[[-47.9135,-25.1668],[-47.9114,-25.1629],[-47.9084,-25.1669],[-47.9135,-25.1668]]],[[[-45.2286,-23.8132],[-45.2252,-23.8137],[-45.2282,-23.8171],[-45.2286,-23.8132]]],[[[-45.3252,-23.9159],[-45.3209,-23.9149],[-45.323,-23.9174],[-45.3241,-23.9186],[-45.3246,-23.9174],[-45.3252,-23.9159]]],[[[-45.714,-23.7902],[-45.7126,-23.7873],[-45.7091,-23.7882],[-45.714,-23.7902]]],[[[-45.2768,-23.8531],[-45.2786,-23.8549],[-45.2798,-23.8521],[-45.277,-23.8523],[-45.2761,-23.8524],[-45.2768,-23.8531]]],[[[-45.2972,-23.9206],[-45.297,-23.917],[-45.2945,-23.9188],[-45.2972,-23.9206]]],[[[-45.1564,-23.8308],[-45.1539,-23.8286],[-45.1531,-23.8316],[-45.1564,-23.8308]]],[[[-45.6717,-23.8047],[-45.6703,-23.802],[-45.6688,-23.8049],[-45.6717,-23.8047]]]]}},{"type":"Feature","properties":{"id":"to","nome":"Tocantins","sigla":"TO"},"geometry":{"type":"MultiPolygon","coordinates":[[[[-47.033,-8.9823],[-47.0681,-9.0116],[-47.0431,-9.0261],[-47.0683,-9.0635],[-47.0069,-9.0818],[-46.9222,-9.0663],[-46.9259,-9.1345],[-46.8941,-9.1226],[-46.852,-9.154],[-46.8503,-9.1914],[-46.8224,-9.1986],[-46.8185,-9.2597],[-46.8466,-9.292],[-46.8125,-9.3055],[-46.7679,-9.3651],[-46.7629,-9.4085],[-46.6655,-9.3915],[-46.6324,-9.4112],[-46.6491,-9.4437],[-46.6272,-9.4653],[-46.5605,-9.4836],[-46.5753,-9.5171],[-46.5374,-9.5574],[-46.5911,-9.5866],[-46.6126,-9.6654],[-46.6529,-9.693],[-46.647,-9.7299],[-46.5757,-9.7576],[-46.5766,-9.8048],[-46.5117,-9.7986],[-46.4932,-9.827],[-46.4912,-9.8697],[-46.4725,-9.877],[-46.4772,-9.9879],[-46.456,-10.0495],[-46.3835,-10.12],[-46.3675,-10.1684],[-46.3271,-10.1833],[-46.2105,-10.1693],[-46.1642,-10.2125],[-46.0993,-10.2125],[-46.0279,-10.1765],[-46.0031,-10.2605],[-45.8774,-10.2389],[-45.7933,-10.2673],[-45.7334,-10.2282],[-45.7262,-10.1564],[-45.6989,-10.1664],[-45.6971,-10.2632],[-45.738,-10.342],[-45.8243,-10.3656],[-45.8273,-10.4355],[-45.8876,-10.4491],[-45.9708,-10.5282],[-46.0246,-10.5424],[-46.0657,-10.6029],[-46.1688,-10.6196],[-46.2105,-10.6493],[-46.1876,-10.6846],[-46.1921,-10.7193],[-46.251,-10.7567],[-46.2272,-10.7664],[-46.2291,-10.794],[-46.2896,-10.8475],[-46.283,-10.9063],[-46.3985,-10.994],[-46.4719,-11.1908],[-46.6092,-11.2555],[-46.6167,-11.289],[-46.6012,-11.3468],[-46.5489,-11.3803],[-46.5485,-11.408],[-46.5277,-11.4221],[-46.5196,-11.4831],[-46.4789,-11.516],[-46.4451,-11.5142],[-46.4109,-11.5415],[-46.313,-11.5391],[-46.2359,-11.5649],[-46.2023,-11.6022],[-46.0862,-11.6217],[-46.0866,-11.6422],[-46.1536,-11.6566],[-46.2559,-11.6208],[-46.3145,-11.6318],[-46.295,-11.6945],[-46.3289,-11.7369],[-46.373,-11.7507],[-46.3223,-11.7703],[-46.3471,-11.8355],[-46.373,-11.8362],[-46.3742,-11.8682],[-46.3175,-11.8981],[-46.2846,-11.8855],[-46.2377,-11.9022],[-46.1889,-11.8835],[-46.1708,-11.9006],[-46.1921,-11.9291],[-46.3253,-11.9581],[-46.3974,-12.0399],[-46.3659,-12.1108],[-46.3893,-12.1665],[-46.3906,-12.1935],[-46.3598,-12.2246],[-46.38,-12.2481],[-46.3746,-12.2864],[-46.3241,-12.3021],[-46.352,-12.337],[-46.2852,-12.3786],[-46.3006,-12.4154],[-46.256,-12.4239],[-46.2543,-12.4928],[-46.1535,-12.4828],[-46.1602,-12.5282],[-46.2548,-12.5466],[-46.2795,-12.5845],[-46.2898,-12.6313],[-46.2564,-12.6557],[-46.2928,-12.6924],[-46.2645,-12.7165],[-46.2825,-12.7837],[-46.2619,-12.8312],[-46.2923,-12.859],[-46.3044,-12.9494],[-46.1385,-12.909],[-46.1195,-12.9254],[-46.3634,-12.9908],[-46.3658,-12.8644],[-46.4172,-12.823],[-46.4542,-12.9707],[-46.7502,-12.9687],[-46.8193,-13.002],[-46.8545,-13.0665],[-46.8925,-13.0528],[-46.9784,-13.1311],[-47.0,-13.1212],[-47.019,-13.1454],[-47.0804,-13.1615],[-47.0869,-13.182],[-47.1322,-13.1781],[-47.1526,-13.2095],[-47.1837,-13.204],[-47.1824,-13.1877],[-47.2287,-13.1944],[-47.2817,-13.2645],[-47.3773,-13.2302],[-47.4265,-13.289],[-47.4541,-13.2494],[-47.4353,-13.2267],[-47.4867,-13.2198],[-47.4784,-13.1847],[-47.5626,-13.1838],[-47.5609,-13.1242],[-47.6343,-13.1041],[-47.6441,-13.1494],[-47.6695,-13.1679],[-47.6549,-13.1774],[-47.6685,-13.209],[-47.64,-13.2628],[-47.6618,-13.3034],[-47.6497,-13.3508],[-47.6223,-13.3672],[-47.6785,-13.4673],[-47.8235,-13.3114],[-47.8831,-13.3201],[-47.9354,-13.2903],[-47.9659,-13.3148],[-47.9857,-13.2779],[-48.0221,-13.2794],[-48.062,-13.235],[-48.0787,-13.2425],[-48.0826,-13.2883],[-48.165,-13.3054],[-48.1634,-13.1837],[-48.1454,-13.1528],[-48.1735,-13.1477],[-48.1953,-13.1723],[-48.2314,-13.1677],[-48.2504,-13.1966],[-48.2801,-13.1992],[-48.3074,-13.2349],[-48.3417,-13.228],[-48.3365,-13.2467],[-48.4294,-13.2712],[-48.4413,-13.2919],[-48.4748,-13.2353],[-48.4721,-13.1423],[-48.5084,-13.1284],[-48.5299,-13.1921],[-48.5542,-13.2045],[-48.5532,-13.3015],[-48.586,-13.3172],[-48.6001,-13.2382],[-48.5793,-13.207],[-48.5963,-13.1522],[-48.5782,-13.1262],[-48.6017,-13.0599],[-48.6741,-12.9948],[-48.7071,-13.0042],[-48.7303,-12.9894],[-48.7361,-12.9206],[-48.8205,-12.8439],[-48.8419,-12.844],[-48.8571,-12.805],[-48.9752,-12.9568],[-49.0241,-12.9062],[-49.0776,-12.9033],[-49.0671,-12.8469],[-49.1058,-12.8357],[-49.1186,-12.7899],[-49.196,-12.8668],[-49.237,-12.8835],[-49.2784,-12.9886],[-49.3539,-13.1026],[-49.3395,-13.236],[-49.369,-13.2742],[-49.9129,-12.9656],[-50.044,-12.9331],[-50.0784,-12.9055],[-50.183,-12.8963],[-50.2311,-12.8537],[-50.2922,-12.8395],[-50.3108,-12.7981],[-50.2838,-12.7178],[-50.2996,-12.6805],[-50.2664,-12.682],[-50.2345,-12.5774],[-50.1927,-12.5639],[-50.2293,-12.5319],[-50.2156,-12.4851],[-50.1422,-12.3955],[-50.1746,-12.4233],[-50.1961,-12.4129],[-50.1837,-12.4299],[-50.2119,-12.4367],[-50.2071,-12.4484],[-50.283,-12.4793],[-50.3239,-12.5076],[-50.3137,-12.5211],[-50.3298,-12.5146],[-50.3317,-12.5357],[-50.3655,-12.5456],[-50.392,-12.6115],[-50.4182,-12.6242],[-50.4112,-12.6458],[-50.4404,-12.6528],[-50.4284,-12.652],[-50.4349,-12.6939],[-50.4776,-12.7095],[-50.4678,-12.7357],[-50.4855,-12.7481],[-50.4681,-12.755],[-50.4934,-12.7852],[-50.4844,-12.8115],[-50.5106,-12.8603],[-50.5199,-12.836],[-50.5665,-12.843],[-50.5974,-12.8264],[-50.5791,-12.8018],[-50.6223,-12.8193],[-50.6113,-12.7755],[-50.6355,-12.7714],[-50.6228,-12.7339],[-50.6543,-12.6788],[-50.6465,-12.6507],[-50.6992,-12.6474],[-50.706,-12.6093],[-50.6675,-12.5956],[-50.686,-12.5688],[-50.6456,-12.4817],[-50.6509,-12.4584],[-50.6265,-12.4578],[-50.6178,-12.4286],[-50.6436,-12.3464],[-50.6484,-12.2987],[-50.6299,-12.2814],[-50.6438,-12.2223],[-50.6864,-12.2017],[-50.6668,-12.0808],[-50.6861,-12.0447],[-50.6825,-11.9941],[-50.6564,-11.9664],[-50.6674,-11.9274],[-50.6388,-11.8842],[-50.6858,-11.8586],[-50.7216,-11.7393],[-50.6631,-11.6721],[-50.6561,-11.6004],[-50.716,-11.5778],[-50.7397,-11.5382],[-50.7416,-11.4545],[-50.7058,-11.326],[-50.658,-11.2474],[-50.6586,-11.1304],[-50.609,-11.067],[-50.6325,-10.9355],[-50.5995,-10.8827],[-50.6215,-10.839],[-50.5701,-10.7521],[-50.603,-10.6605],[-50.537,-10.6048],[-50.5156,-10.5047],[-50.4822,-10.4896],[-50.4733,-10.4045],[-50.4178,-10.3559],[-50.3819,-10.2213],[-50.3917,-10.1336],[-50.3022,-10.035],[-50.2638,-9.9081],[-50.1505,-9.6952],[-50.1385,-9.6271],[-50.1069,-9.5939],[-50.0891,-9.5453],[-50.1049,-9.475],[-50.0524,-9.3723],[-50.0373,-9.289],[-50.0045,-9.2684],[-49.9936,-9.2337],[-49.9657,-9.2305],[-49.9072,-9.1734],[-49.8421,-9.0269],[-49.7446,-8.9058],[-49.6839,-8.8561],[-49.592,-8.8391],[-49.451,-8.6121],[-49.4094,-8.5796],[-49.3766,-8.4549],[-49.2829,-8.3792],[-49.1757,-8.0542],[-49.1816,-7.9766],[-49.1501,-7.8018],[-49.3228,-7.6814],[-49.3836,-7.5431],[-49.3775,-7.4961],[-49.231,-7.3254],[-49.1848,-7.2348],[-49.209,-6.925],[-49.0184,-6.7838],[-48.8137,-6.7514],[-48.6644,-6.6624],[-48.6458,-6.5085],[-48.6127,-6.4534],[-48.5072,-6.3546],[-48.4473,-6.3508],[-48.3822,-6.3792],[-48.3749,-6.3464],[-48.4167,-6.2982],[-48.4315,-6.1769],[-48.2917,-6.1037],[-48.2854,-6.07],[-48.3323,-6.0379],[-48.3343,-6.0039],[-48.3066,-5.9745],[-48.2312,-5.9458],[-48.2323,-5.9167],[-48.2885,-5.8426],[-48.2941,-5.7563],[-48.2721,-5.7251],[-48.1739,-5.7088],[-48.1318,-5.6178],[-48.1943,-5.5627],[-48.3003,-5.5226],[-48.3843,-5.3938],[-48.5103,-5.4293],[-48.6032,-5.4195],[-48.65,-5.3845],[-48.7451,-5.3694],[-48.7547,-5.3488],[-48.7131,-5.3523],[-48.679,-5.3055],[-48.6057,-5.3361],[-48.5681,-5.2826],[-48.5606,-5.2298],[-48.519,-5.1918],[-48.3635,-5.168],[-48.1781,-5.2604],[-48.0788,-5.2747],[-48.0058,-5.235],[-47.9336,-5.2406],[-47.8735,-5.2728],[-47.8672,-5.3425],[-47.8433,-5.3758],[-47.7418,-5.3809],[-47.6182,-5.4594],[-47.5549,-5.4654],[-47.4997,-5.5252],[-47.4733,-5.6616],[-47.4929,-5.7302],[-47.4306,-5.8688],[-47.4475,-5.9925],[-47.4281,-6.0376],[-47.431,-6.1199],[-47.3784,-6.2705],[-47.431,-6.425],[-47.4164,-6.4847],[-47.4561,-6.5379],[-47.4629,-6.604],[-47.4982,-6.6708],[-47.4937,-6.7545],[-47.5282,-6.83],[-47.5055,-6.8972],[-47.5295,-6.9761],[-47.644,-7.1432],[-47.7159,-7.1414],[-47.7447,-7.1621],[-47.7458,-7.2008],[-47.6906,-7.2379],[-47.6481,-7.303],[-47.5887,-7.2637],[-47.5415,-7.2653],[-47.4994,-7.2935],[-47.4774,-7.336],[-47.4854,-7.3667],[-47.5904,-7.4392],[-47.5043,-7.4362],[-47.4748,-7.533],[-47.4273,-7.5254],[-47.4382,-7.5562],[-47.4068,-7.5634],[-47.3817,-7.5996],[-47.3815,-7.6537],[-47.3518,-7.6465],[-47.3724,-7.625],[-47.3578,-7.6167],[-47.3138,-7.6602],[-47.3373,-7.6666],[-47.3311,-7.6848],[-47.3021,-7.6887],[-47.3127,-7.7304],[-47.2731,-7.7306],[-47.2663,-7.7609],[-47.2458,-7.7581],[-47.2439,-7.8149],[-47.1741,-7.8559],[-47.1407,-7.9249],[-47.1068,-7.9366],[-47.1061,-7.9904],[-47.0619,-8.0047],[-47.0431,-8.0532],[-46.997,-8.0668],[-46.953,-8.0063],[-46.9179,-7.9814],[-46.8958,-7.9865],[-46.8723,-7.9552],[-46.8395,-7.9651],[-46.783,-7.951],[-46.7557,-7.922],[-46.6042,-7.8958],[-46.4917,-7.9813],[-46.4765,-8.0118],[-46.4671,-8.0784],[-46.5142,-8.1667],[-46.4871,-8.1995],[-46.5072,-8.2704],[-46.5442,-8.3189],[-46.6348,-8.3189],[-46.7064,-8.3511],[-46.7322,-8.3853],[-46.782,-8.3677],[-46.7866,-8.3987],[-46.8064,-8.3986],[-46.7961,-8.4462],[-46.8504,-8.477],[-46.8467,-8.5327],[-46.916,-8.5954],[-46.8973,-8.6006],[-46.916,-8.648],[-46.8865,-8.6861],[-46.9309,-8.7264],[-46.9022,-8.7905],[-46.913,-8.8474],[-46.9921,-8.879],[-46.9699,-8.9141],[-47.0179,-8.9525],[-47.0211,-8.9874],[-47.033,-8.9823]]]]}}]}